Fahrt 1;;;;;;;;;;;;;;;;;;;;;;;;;;;;;;;;;;;;;;;;;;;;;;;;;;;;;;;;;;;;;;;;;;;;;;;;;;;;;;;;;;;;;;;;;;;;;;;;;;;;;;;;;;;;;;;;;;;;;;;;;;;;;;;;;;;;;;;;;;;;;;;;;;;;;;;;;;;;;;;;;;;;;;;;;;;;;;;;;;;;;;;;;;;;;;;;;;;;;;;;;;;
Max RPM;6000;6000;6000;6000;6000;6000;6000;6000;6000;6000;6000;6000;6000;6000;6000;6000;6000;6000;6000;6000;6000;6000;6000;6000;6000;6000;6000;6000;6000;6000;6000;6000;6000;6000;6000;6000;6000;6000;6000;6000;6000;6000;6000;6000;6000;6000;6000;6000;6000;6000;6000;6000;6000;6000;6000;6000;6000;6000;6000;6000;6000;6000;6000;6000;6000;6000;6000;6000;6000;6000;6000;6000;6000;6000;6000;6000;6000;6000;6000;6000;6000;6000;6000;6000;6000;6000;6000;6000;6000;6000;6000;6000;6000;6000;6000;6000;6000;6000;6000;6000;6000;6000;6000;6000;6000;6000;6000;6000;6000;6000;6000;6000;6000;6000;6000;6000;6000;6000;6000;6000;6000;6000;6000;6000;6000;6000;6000;6000;6000;6000;6000;6000;6000;6000;6000;6000;6000;6000;6000;6000;6000;6000;6000;6000;6000;6000;6000;6000;6000;6000;6000;6000;6000;6000;6000;6000;6000;6000;6000;6000;6000;6000;6000;6000;6000; ;;;;;;;;;;;;;;;;;;;;;;;;;;;;;;;;;;;;;
RPM;995;992;997;973;2685;2239;1351;1369;1235;1845;2277;2859;1287;2916;1722;2780;1785;2111;2170;2253;2346;2271;1541;1146;1459;1890;2368;2796;1793;1971;1724;1668;2035;2120;2160;2180;2213;2256;2289;2308;2256;2087;1214;2069;2646;2097;2547;2693;2690;2635;2711;2591;2529;2519;2551;2497;2512;2460;2364;1884;1980;2549;2658;2702;2586;1631;1089;1084;1019;1001;1002;1054;2082;2901;2444;1846;2113;2298;2301;2288;2468;2424;2428;1266;1080;1058;2725;2871;1845;2645;2354;2066;1940;1841;1175;1063;1016;1012;995;1004;994;1001;1003;999;1003;998;992;1004;1016;1561;1857;1366;1246;1567;2984;2621;1946;2262;2436;2499;2594;2518;2518;2513;2437;2416;2606;2609;2135;1379;1106;1094;1040;1877;2115;1893;2890;2187;2543;2529;2566;2601;2381;1829;2106;2550;2676;2661;2647;2678;2679;2688;2386;2320;1159;2133;2549;2753;1893;2001;2173;2443;2619;1371;1089; ;;;;;;;;;;;;;;;;;;;;;;;;;;;;;;;;;;;;;
Longitude;1.306.299;1.306.299;1.306.299;130.623.923;130.623.923;130.623.923;130.623.923;130.623.923;130.623.923;130.623.923;130.623.923;130.623.923;130.623.923;130.617.945;130.617.945;130.617.945;130.617.945;130.617.945;130.617.945;130.617.945;130.617.945;130.617.945;130.617.945;130.617.945;130.622.018;130.622.018;130.622.018;130.622.018;130.622.018;130.622.018;130.620.661;130.620.661;130.620.661;130.601.701;130.596.286;130.576.614;130.576.614;130.576.614;130.576.614;130.576.614;130.560.122;130.560.122;130.560.122;13.053.121;130.517.597;130.517.597;130.517.597;130.517.597;130.517.597;130.501.987;130.501.987;130.501.987;130.501.987;130.501.987;130.501.987;130.501.987;130.501.987;130.501.987;130.497.009;130.486.715;130.486.715;130.486.715;130.486.715;130.486.715;130.486.715;130.486.715;130.486.715;130.486.715;130.487.054;130.487.054;130.515.938;130.515.938;130.515.938;130.515.938;130.515.938;130.515.938;13.050.631;13.050.631;13.050.631;13.050.631;130.515.938;130.515.938;130.523.247;130.523.247;130.523.247;130.523.247;13.051.246;13.051.246;13.051.246;13.051.246;13.051.246;13.051.246;130.537.867;130.537.867;130.537.867;130.537.867;130.537.867;130.537.867;130.537.867;130.537.867;130.537.867;130.537.867;130.537.867;130.537.867;130.537.867;130.537.867;130.537.867;130.537.867;130.537.867;130.537.867;130.537.867;130.537.867;130.537.867;130.537.867;130.537.867;130.545.156;130.545.156;130.545.156;130.545.156;130.545.156;130.545.156;130.545.156;130.545.156;130.545.156;130.545.156;130.573.787;130.573.787;130.573.787;130.573.787;130.573.787;130.573.787;130.573.787;130.573.787;130.573.787;130.573.787;130.595.129;130.595.129;130.595.129;130.595.129;130.594.788;13.060.485;13.060.485;13.060.485;13.060.485;13.060.485;13.060.485;13.060.485;13.060.485;13.060.485;130.609.711;130.623.614;130.623.614;130.623.614;130.623.614;130.623.614;130.623.614;130.623.614;130.623.614;130.623.614;130.623.614;130.622.253;130.622.253;130.622.253;130.622.253;130.622.253; ;;;;;;;;;;;;;;;;;;;;;;;;;;;;;;;;;;;;;
Latitude;477.883.389;477.883.389;477.883.389;47.788.144;47.788.144;47.788.144;47.788.144;47.788.144;47.788.144;47.788.144;47.788.144;47.788.144;47.788.144;477.879.491;477.879.491;477.879.491;477.879.491;477.879.491;477.879.491;477.879.491;477.879.491;477.879.491;477.879.491;477.879.491;477.855.344;477.855.344;477.855.344;477.855.344;477.855.344;477.855.344;477.863.393;477.863.393;477.863.393;477.878.162;477.877.719;477.871.148;477.871.148;477.871.148;477.871.148;477.871.148;477.884.465;477.884.465;477.884.465;477.886.953;477.851.437;477.851.437;477.851.437;477.851.437;477.851.437;477.873.582;477.873.582;477.873.582;477.873.582;477.873.582;477.873.582;477.873.582;477.873.582;477.873.582;477.886.944;477.904.698;477.904.698;477.904.698;477.904.698;477.904.698;477.904.698;477.904.698;477.904.698;477.904.698;47.791.367;47.791.367;477.918.069;477.918.069;477.918.069;477.918.069;477.918.069;477.918.069;477.916.602;477.916.602;477.916.602;477.916.602;477.918.069;477.918.069;477.935.597;477.935.597;477.935.597;477.935.597;477.942.161;477.942.161;477.942.161;477.942.161;477.942.161;477.942.161;477.970.653;477.970.653;477.970.653;477.970.653;477.970.653;477.970.653;477.970.653;477.970.653;477.970.653;477.970.653;477.970.653;477.970.653;477.970.653;477.970.653;477.970.653;477.970.653;477.970.653;477.970.653;477.970.653;477.970.653;477.970.653;477.970.653;477.970.653;47.796.487;47.796.487;47.796.487;47.796.487;47.796.487;47.796.487;47.796.487;47.796.487;47.796.487;47.796.487;47.794.735;47.794.735;47.794.735;47.794.735;47.794.735;47.794.735;47.794.735;47.794.735;47.794.735;47.794.735;477.935.612;477.935.612;477.935.612;477.935.612;477.934.426;477.931.415;477.931.415;477.931.415;477.931.415;477.931.415;477.931.415;477.931.415;477.931.415;477.931.415;477.929.317;477.906.359;477.906.359;477.906.359;477.906.359;477.906.359;477.906.359;477.906.359;477.906.359;477.906.359;477.906.359;477.887.324;477.887.324;477.887.324;477.887.324;477.887.324; ;;;;;;;;;;;;;;;;;;;;;;;;;;;;;;;;;;;;;
Accuracy;1066;1066;1066;1066;1066;1066;1066;1066;1066;1066;1066;1066;1066;1260;1260;1260;1260;1260;1260;1260;1260;1260;1260;1260;1168;1168;1168;1168;1168;1168;1168;1168;1168;957;957;957;957;957;957;957;957;957;957;957;1072;1072;1072;1072;1072;1045;1045;1045;1045;1045;1045;1045;1045;1045;883;883;883;883;883;883;883;883;883;883;883;883;883;883;883;883;883;883;883;883;883;883;883;883;883;883;883;883;883;883;883;883;883;883;1170;1170;1170;1170;1170;1170;1170;1170;1170;1170;1170;1170;1170;1170;1170;1170;1170;1170;1170;1170;1170;1170;1170;1170;1170;1170;1170;1170;1170;1170;1170;1170;1170;1121;1121;1121;1121;1121;1121;1121;1121;1121;1121;1121;1121;1121;1121;1121;1121;1121;1121;1121;1121;1121;1121;1121;1121;1286;1262;1262;1262;1262;1262;1262;1262;1262;1262;1262;1262;1262;1262;1262;1262; ;;;;;;;;;;;;;;;;;;;;;;;;;;;;;;;;;;;;;
Speed; null; null; null; null; null; null; null; null; null; null; null; null; null; null; null; null; null; null; null; null; null; null; null; null; null; null; null; null; null; null; null; null; null; null; null; null; null; null; null; null; null; null; null; null; null; null; null; null; null; null; null; null; null; null; null; null; null; null; null; null; null; null; null; null; null; null; null; null; null; null; null; null; null; null; null; null; null; null; null; null; null; null; null; null; null; null; null; null; null; null; null; null; null; null; null; null; null; null; null; null; null; null; null; null; null; null; null; null; null; null; null; null; null; null; null; null; null; null; null; null; null; null; null; null; null; null; null; null; null; null; null; null; null; null; null; null; null; null; null; null; null; null; null; null; null; null; null; null; null; null; null; null; null; null; null; null; null; null; null; null; null; null; null; null; null; ;;;;;;;;;;;;;;;;;;;;;;;;;;;;;;;;;;;;;
Time; Thu Aug 28 2014 19:49:28 GMT+0200 (CEST); Thu Aug 28 2014 19:49:31 GMT+0200 (CEST); Thu Aug 28 2014 19:49:34 GMT+0200 (CEST); Thu Aug 28 2014 19:49:37 GMT+0200 (CEST); Thu Aug 28 2014 19:49:40 GMT+0200 (CEST); Thu Aug 28 2014 19:49:43 GMT+0200 (CEST); Thu Aug 28 2014 19:49:46 GMT+0200 (CEST); Thu Aug 28 2014 19:49:49 GMT+0200 (CEST); Thu Aug 28 2014 19:49:52 GMT+0200 (CEST); Thu Aug 28 2014 19:49:55 GMT+0200 (CEST); Thu Aug 28 2014 19:49:58 GMT+0200 (CEST); Thu Aug 28 2014 19:50:01 GMT+0200 (CEST); Thu Aug 28 2014 19:50:04 GMT+0200 (CEST); Thu Aug 28 2014 19:50:07 GMT+0200 (CEST); Thu Aug 28 2014 19:50:10 GMT+0200 (CEST); Thu Aug 28 2014 19:50:13 GMT+0200 (CEST); Thu Aug 28 2014 19:50:16 GMT+0200 (CEST); Thu Aug 28 2014 19:50:19 GMT+0200 (CEST); Thu Aug 28 2014 19:50:22 GMT+0200 (CEST); Thu Aug 28 2014 19:50:25 GMT+0200 (CEST); Thu Aug 28 2014 19:50:28 GMT+0200 (CEST); Thu Aug 28 2014 19:50:31 GMT+0200 (CEST); Thu Aug 28 2014 19:50:34 GMT+0200 (CEST); Thu Aug 28 2014 19:50:37 GMT+0200 (CEST); Thu Aug 28 2014 19:50:40 GMT+0200 (CEST); Thu Aug 28 2014 19:50:43 GMT+0200 (CEST); Thu Aug 28 2014 19:50:46 GMT+0200 (CEST); Thu Aug 28 2014 19:50:49 GMT+0200 (CEST); Thu Aug 28 2014 19:50:52 GMT+0200 (CEST); Thu Aug 28 2014 19:50:55 GMT+0200 (CEST); Thu Aug 28 2014 19:50:58 GMT+0200 (CEST); Thu Aug 28 2014 19:51:01 GMT+0200 (CEST); Thu Aug 28 2014 19:51:04 GMT+0200 (CEST); Thu Aug 28 2014 19:51:07 GMT+0200 (CEST); Thu Aug 28 2014 19:51:10 GMT+0200 (CEST); Thu Aug 28 2014 19:51:13 GMT+0200 (CEST); Thu Aug 28 2014 19:51:16 GMT+0200 (CEST); Thu Aug 28 2014 19:51:19 GMT+0200 (CEST); Thu Aug 28 2014 19:51:22 GMT+0200 (CEST); Thu Aug 28 2014 19:51:25 GMT+0200 (CEST); Thu Aug 28 2014 19:51:28 GMT+0200 (CEST); Thu Aug 28 2014 19:51:31 GMT+0200 (CEST); Thu Aug 28 2014 19:51:34 GMT+0200 (CEST); Thu Aug 28 2014 19:51:37 GMT+0200 (CEST); Thu Aug 28 2014 19:51:40 GMT+0200 (CEST); Thu Aug 28 2014 19:51:43 GMT+0200 (CEST); Thu Aug 28 2014 19:51:46 GMT+0200 (CEST); Thu Aug 28 2014 19:51:49 GMT+0200 (CEST); Thu Aug 28 2014 19:51:52 GMT+0200 (CEST); Thu Aug 28 2014 19:51:55 GMT+0200 (CEST); Thu Aug 28 2014 19:51:58 GMT+0200 (CEST); Thu Aug 28 2014 19:52:01 GMT+0200 (CEST); Thu Aug 28 2014 19:52:04 GMT+0200 (CEST); Thu Aug 28 2014 19:52:07 GMT+0200 (CEST); Thu Aug 28 2014 19:52:10 GMT+0200 (CEST); Thu Aug 28 2014 19:52:13 GMT+0200 (CEST); Thu Aug 28 2014 19:52:16 GMT+0200 (CEST); Thu Aug 28 2014 19:52:19 GMT+0200 (CEST); Thu Aug 28 2014 19:52:22 GMT+0200 (CEST); Thu Aug 28 2014 19:52:25 GMT+0200 (CEST); Thu Aug 28 2014 19:52:28 GMT+0200 (CEST); Thu Aug 28 2014 19:52:31 GMT+0200 (CEST); Thu Aug 28 2014 19:52:34 GMT+0200 (CEST); Thu Aug 28 2014 19:52:37 GMT+0200 (CEST); Thu Aug 28 2014 19:52:40 GMT+0200 (CEST); Thu Aug 28 2014 19:52:43 GMT+0200 (CEST); Thu Aug 28 2014 19:52:46 GMT+0200 (CEST); Thu Aug 28 2014 19:52:49 GMT+0200 (CEST); Thu Aug 28 2014 19:52:52 GMT+0200 (CEST); Thu Aug 28 2014 19:52:55 GMT+0200 (CEST); Thu Aug 28 2014 19:52:58 GMT+0200 (CEST); Thu Aug 28 2014 19:53:01 GMT+0200 (CEST); Thu Aug 28 2014 19:53:04 GMT+0200 (CEST); Thu Aug 28 2014 19:53:07 GMT+0200 (CEST); Thu Aug 28 2014 19:53:10 GMT+0200 (CEST); Thu Aug 28 2014 19:53:13 GMT+0200 (CEST); Thu Aug 28 2014 19:53:16 GMT+0200 (CEST); Thu Aug 28 2014 19:53:19 GMT+0200 (CEST); Thu Aug 28 2014 19:53:22 GMT+0200 (CEST); Thu Aug 28 2014 19:53:25 GMT+0200 (CEST); Thu Aug 28 2014 19:53:28 GMT+0200 (CEST); Thu Aug 28 2014 19:53:31 GMT+0200 (CEST); Thu Aug 28 2014 19:53:34 GMT+0200 (CEST); Thu Aug 28 2014 19:53:37 GMT+0200 (CEST); Thu Aug 28 2014 19:53:40 GMT+0200 (CEST); Thu Aug 28 2014 19:53:43 GMT+0200 (CEST); Thu Aug 28 2014 19:53:46 GMT+0200 (CEST); Thu Aug 28 2014 19:53:49 GMT+0200 (CEST); Thu Aug 28 2014 19:53:52 GMT+0200 (CEST); Thu Aug 28 2014 19:53:55 GMT+0200 (CEST); Thu Aug 28 2014 19:53:58 GMT+0200 (CEST); Thu Aug 28 2014 19:54:01 GMT+0200 (CEST); Thu Aug 28 2014 19:54:04 GMT+0200 (CEST); Thu Aug 28 2014 19:54:07 GMT+0200 (CEST); Thu Aug 28 2014 19:54:10 GMT+0200 (CEST); Thu Aug 28 2014 19:54:13 GMT+0200 (CEST); Thu Aug 28 2014 19:54:16 GMT+0200 (CEST); Thu Aug 28 2014 19:54:19 GMT+0200 (CEST); Thu Aug 28 2014 19:54:22 GMT+0200 (CEST); Thu Aug 28 2014 19:54:25 GMT+0200 (CEST); Thu Aug 28 2014 19:54:28 GMT+0200 (CEST); Thu Aug 28 2014 19:54:31 GMT+0200 (CEST); Thu Aug 28 2014 19:54:34 GMT+0200 (CEST); Thu Aug 28 2014 19:54:37 GMT+0200 (CEST); Thu Aug 28 2014 19:54:40 GMT+0200 (CEST); Thu Aug 28 2014 19:54:43 GMT+0200 (CEST); Thu Aug 28 2014 19:54:46 GMT+0200 (CEST); Thu Aug 28 2014 19:54:49 GMT+0200 (CEST); Thu Aug 28 2014 19:54:52 GMT+0200 (CEST); Thu Aug 28 2014 19:54:55 GMT+0200 (CEST); Thu Aug 28 2014 19:54:58 GMT+0200 (CEST); Thu Aug 28 2014 19:55:01 GMT+0200 (CEST); Thu Aug 28 2014 19:55:04 GMT+0200 (CEST); Thu Aug 28 2014 19:55:07 GMT+0200 (CEST); Thu Aug 28 2014 19:55:10 GMT+0200 (CEST); Thu Aug 28 2014 19:55:13 GMT+0200 (CEST); Thu Aug 28 2014 19:55:16 GMT+0200 (CEST); Thu Aug 28 2014 19:55:19 GMT+0200 (CEST); Thu Aug 28 2014 19:55:22 GMT+0200 (CEST); Thu Aug 28 2014 19:55:25 GMT+0200 (CEST); Thu Aug 28 2014 19:55:28 GMT+0200 (CEST); Thu Aug 28 2014 19:55:31 GMT+0200 (CEST); Thu Aug 28 2014 19:55:34 GMT+0200 (CEST); Thu Aug 28 2014 19:55:37 GMT+0200 (CEST); Thu Aug 28 2014 19:55:40 GMT+0200 (CEST); Thu Aug 28 2014 19:55:43 GMT+0200 (CEST); Thu Aug 28 2014 19:55:46 GMT+0200 (CEST); Thu Aug 28 2014 19:55:49 GMT+0200 (CEST); Thu Aug 28 2014 19:55:52 GMT+0200 (CEST); Thu Aug 28 2014 19:55:55 GMT+0200 (CEST); Thu Aug 28 2014 19:55:58 GMT+0200 (CEST); Thu Aug 28 2014 19:56:01 GMT+0200 (CEST); Thu Aug 28 2014 19:56:04 GMT+0200 (CEST); Thu Aug 28 2014 19:56:07 GMT+0200 (CEST); Thu Aug 28 2014 19:56:10 GMT+0200 (CEST); Thu Aug 28 2014 19:56:13 GMT+0200 (CEST); Thu Aug 28 2014 19:56:16 GMT+0200 (CEST); Thu Aug 28 2014 19:56:19 GMT+0200 (CEST); Thu Aug 28 2014 19:56:22 GMT+0200 (CEST); Thu Aug 28 2014 19:56:25 GMT+0200 (CEST); Thu Aug 28 2014 19:56:28 GMT+0200 (CEST); Thu Aug 28 2014 19:56:31 GMT+0200 (CEST); Thu Aug 28 2014 19:56:34 GMT+0200 (CEST); Thu Aug 28 2014 19:56:37 GMT+0200 (CEST); Thu Aug 28 2014 19:56:40 GMT+0200 (CEST); Thu Aug 28 2014 19:56:43 GMT+0200 (CEST); Thu Aug 28 2014 19:56:46 GMT+0200 (CEST); Thu Aug 28 2014 19:56:49 GMT+0200 (CEST); Thu Aug 28 2014 19:56:52 GMT+0200 (CEST); Thu Aug 28 2014 19:56:55 GMT+0200 (CEST); Thu Aug 28 2014 19:56:58 GMT+0200 (CEST); Thu Aug 28 2014 19:57:01 GMT+0200 (CEST); Thu Aug 28 2014 19:57:04 GMT+0200 (CEST); Thu Aug 28 2014 19:57:07 GMT+0200 (CEST); Thu Aug 28 2014 19:57:10 GMT+0200 (CEST); Thu Aug 28 2014 19:57:13 GMT+0200 (CEST); Thu Aug 28 2014 19:57:16 GMT+0200 (CEST); Thu Aug 28 2014 19:57:19 GMT+0200 (CEST); Thu Aug 28 2014 19:57:22 GMT+0200 (CEST); Thu Aug 28 2014 19:57:25 GMT+0200 (CEST); Thu Aug 28 2014 19:57:28 GMT+0200 (CEST); Thu Aug 28 2014 19:57:31 GMT+0200 (CEST); Thu Aug 28 2014 19:57:34 GMT+0200 (CEST); Thu Aug 28 2014 19:57:37 GMT+0200 (CEST); Thu Aug 28 2014 19:57:40 GMT+0200 (CEST); ;;;;;;;;;;;;;;;;;;;;;;;;;;;;;;;;;;;;;
;;;;;;;;;;;;;;;;;;;;;;;;;;;;;;;;;;;;;;;;;;;;;;;;;;;;;;;;;;;;;;;;;;;;;;;;;;;;;;;;;;;;;;;;;;;;;;;;;;;;;;;;;;;;;;;;;;;;;;;;;;;;;;;;;;;;;;;;;;;;;;;;;;;;;;;;;;;;;;;;;;;;;;;;;;;;;;;;;;;;;;;;;;;;;;;;;;;;;;;;;;;
Maximal;2984;;;;;;;;;;;;;;;;;;;;;;;;;;;;;;;;;;;;;;;;;;;;;;;;;;;;;;;;;;;;;;;;;;;;;;;;;;;;;;;;;;;;;;;;;;;;;;;;;;;;;;;;;;;;;;;;;;;;;;;;;;;;;;;;;;;;;;;;;;;;;;;;;;;;;;;;;;;;;;;;;;;;;;;;;;;;;;;;;;;;;;;;;;;;;;;;;;;;;;;;;;
Minimal;973;;;;;;;;;;;;;;;;;;;;;;;;;;;;;;;;;;;;;;;;;;;;;;;;;;;;;;;;;;;;;;;;;;;;;;;;;;;;;;;;;;;;;;;;;;;;;;;;;;;;;;;;;;;;;;;;;;;;;;;;;;;;;;;;;;;;;;;;;;;;;;;;;;;;;;;;;;;;;;;;;;;;;;;;;;;;;;;;;;;;;;;;;;;;;;;;;;;;;;;;;;
Durchschnitt;2001;;;;;;;;;;;;;;;;;;;;;;;;;;;;;;;;;;;;;;;;;;;;;;;;;;;;;;;;;;;;;;;;;;;;;;;;;;;;;;;;;;;;;;;;;;;;;;;;;;;;;;;;;;;;;;;;;;;;;;;;;;;;;;;;;;;;;;;;;;;;;;;;;;;;;;;;;;;;;;;;;;;;;;;;;;;;;;;;;;;;;;;;;;;;;;;;;;;;;;;;;;
;;;;;;;;;;;;;;;;;;;;;;;;;;;;;;;;;;;;;;;;;;;;;;;;;;;;;;;;;;;;;;;;;;;;;;;;;;;;;;;;;;;;;;;;;;;;;;;;;;;;;;;;;;;;;;;;;;;;;;;;;;;;;;;;;;;;;;;;;;;;;;;;;;;;;;;;;;;;;;;;;;;;;;;;;;;;;;;;;;;;;;;;;;;;;;;;;;;;;;;;;;;
;;;;;;;;;;;;;;;;;;;;;;;;;;;;;;;;;;;;;;;;;;;;;;;;;;;;;;;;;;;;;;;;;;;;;;;;;;;;;;;;;;;;;;;;;;;;;;;;;;;;;;;;;;;;;;;;;;;;;;;;;;;;;;;;;;;;;;;;;;;;;;;;;;;;;;;;;;;;;;;;;;;;;;;;;;;;;;;;;;;;;;;;;;;;;;;;;;;;;;;;;;;
Fahrt 2;;;;;;;;;;;;;;;;;;;;;;;;;;;;;;;;;;;;;;;;;;;;;;;;;;;;;;;;;;;;;;;;;;;;;;;;;;;;;;;;;;;;;;;;;;;;;;;;;;;;;;;;;;;;;;;;;;;;;;;;;;;;;;;;;;;;;;;;;;;;;;;;;;;;;;;;;;;;;;;;;;;;;;;;;;;;;;;;;;;;;;;;;;;;;;;;;;;;;;;;;;;
Max RPM;2200;2200;2200;2200;2200;2200;2200;2200;2200;2200;2200;2200;2200;2200;2200;2200;2200;2200;2200;2200;2200;2200;2200;2200;2200;2200;2200;2200;2200;2200;2200;2200;2200;2200;2200;2200;2200;2200;2200;2200;2200;2200;2200;2200;2200;2200;2200;2200;2200;2200;2200;2200;2200;2200;2200;2200;2200;2200;2200;2200;2200;2200;2200;2200;2200;2200;2200;2200;2200;2200;2200;2200;2200;2200;2200;2200;2200;2200;2200;2200;2200;2200;2200;2200;2200;2200;2200;2200;2200;2200;2200;2200;2200;2200;2200;2200;2200;2200;2200;2200;2200;2200;2200;2200;2200;2200;2200;2200;2200;2200;2200;2200;2200;2200;2200;2200;2200;2200;2200;2200;2200;2200;2200;2200;2200;2200;2200;2200;2200;2200;2200;2200;2200;2200;2200;2200;2200;2200;2200;2200;2200;2200;2200;2200;2200;2200;2200;2200;2200;2200;2200;2200;2200;2200;2200;2200;2200;2200;2200;2200;2200;2200;2200;2200;2200;2200;2200;2200;2200;2200;2200;2200;2200;2200;2200;2200;2200;2200;2200;2200;2200;2200;2200;2200;2200;2200;2200;2200;2200;2200;2200;2200;2200;2200;2200;2200;2200;2200;2200;2200;2200;2200; 
RPM;991;1003;1000;1000;1001;1001;998;1007;1002;1000;995;999;1004;1001;1003;1003;983;986;992;1005;1006;1001;1015;1013;1429;1034;1077;1153;1062;1037;1019;1033;1019;935;877;925;855;1735;1105;1072;1135;1359;2036;1470;1789;1415;1384;1385;1395;1432;1264;1262;1103;1085;1037;1035;1035;1522;1345;2002;2216;1589;1341;1535;1606;1693;1575;1711;1857;1509;1543;1444;1471;1516;1526;1548;1527;1174;1079;1076;1033;989;1009;984;999;1237;1701;1341;2203;1721;1908;1743;1424;1452;1458;1495;1504;1622;1593;1479;1605;1724;1577;1651;1092;1284;1245;2131;1983;1613;1434;1098;1081;1023;1006;847;2054;1716;1891;2022;1717;1391;1418;1270;1391;1758;1769;1551;1428;2009;1880;2047;1814;1162;1055;1023;1022;1022;1015;1014;1113;1785;1228;1469;1862;1804;2756;1895;1786;1838;1990;1581;1537;1617;1620;1628;1686;1844;1856;1453;1107;1087;1950;2003;2087;2136;1912;2039;2001;1584;1690;1688;1614;1622;1508;1589;1778;1759;1737;1729;1639;1694;1794;1607;1565;1146;1872;2188;2001;1560;1550;1401;1459;1728;1826;1840;1235;1082;1082;1031;1031;1031; 
Longitude;130.626.077;130.626.077;130.624.802;130.624.802;130.624.802;130.624.802;130.624.802;130.626.077;130.626.077;130.626.077;130.626.077;130.626.077;130.622.253;130.622.253;130.622.253;130.622.253;130.622.253;130.622.253;130.622.253;130.622.253;130.622.253;130.622.253;130.622.253;130.622.253;130.622.253;130.622.253;130.622.253;130.622.253;130.622.253;130.622.253;130.622.253;130.622.253;130.622.253;130.622.253;130.622.253;130.622.253;130.622.253;130.622.253;130.622.253;130.622.253;130.622.253;130.622.253;130.622.253;130.622.253;130.622.253;130.622.253;130.622.253;130.622.253;130.622.253;130.622.253;130.622.253;130.622.253;130.622.253;130.622.253;130.622.253;130.622.253;130.624.219;130.624.219;130.624.219;130.624.219;130.624.219;130.624.219;130.624.219;130.624.219;130.624.219;130.623.563;130.588.678;130.588.678;130.588.678;130.588.678;130.577.714;130.577.714;130.565.691;130.565.691;130.565.691;130.550.568;130.526.673;130.526.673;130.526.673;130.526.673;13.053.121;13.053.121;130.517.597;130.517.597;130.517.597;130.517.597;130.517.597;130.517.597;130.517.597;130.517.597;130.517.597;130.517.597;130.501.987;130.501.987;130.501.987;130.501.987;130.501.987;130.501.987;130.501.987;130.501.987;130.501.987;130.486.376;130.486.376;130.486.715;130.486.715;130.486.715;130.486.715;130.486.715;130.486.715;130.486.715;130.486.715;130.486.715;130.486.715;130.487.054;130.487.054;130.487.054;130.487.054;130.487.054;130.487.054;130.487.054;130.487.054;130.487.054;130.487.054;130.487.054;130.487.054;13.051.246;13.051.246;13.051.246;13.051.246;13.051.246;13.051.246;13.051.246;13.051.246;13.051.246;13.051.246;130.537.867;130.537.867;130.537.867;130.537.867;130.537.867;130.537.867;130.537.867;130.537.867;130.537.867;130.537.867;130.537.867;130.545.156;130.545.156;130.545.156;130.545.156;130.545.156;130.545.156;130.545.156;130.545.156;130.552.446;130.552.446;130.552.446;130.573.787;130.573.787;130.573.787;130.573.787;130.573.787;130.573.787;130.573.787;130.573.787;130.573.787;130.595.129;130.594.788;130.594.788;130.594.788;13.060.485;13.060.485;13.060.485;13.060.485;13.060.485;13.060.485;13.060.485;130.609.711;130.609.711;130.609.711;130.624.974;130.623.614;130.623.614;130.623.614;130.623.614;130.623.614;130.623.614;130.623.614;130.623.614;130.623.614;130.622.253;130.622.253;130.622.253;130.622.253;130.622.253;130.622.253;130.622.253;130.622.253;130.622.253;130.622.253;130.622.253;130.622.253; 
Latitude;477.885.356;477.885.356;477.886.012;477.886.012;477.886.012;477.886.012;477.886.012;477.885.356;477.885.356;477.885.356;477.885.356;477.885.356;477.887.324;477.887.324;477.887.324;477.887.324;477.887.324;477.887.324;477.887.324;477.887.324;477.887.324;477.887.324;477.887.324;477.887.324;477.887.324;477.887.324;477.887.324;477.887.324;477.887.324;477.887.324;477.887.324;477.887.324;477.887.324;477.887.324;477.887.324;477.887.324;477.887.324;477.887.324;477.887.324;477.887.324;477.887.324;477.887.324;477.887.324;477.887.324;477.887.324;477.887.324;477.887.324;477.887.324;477.887.324;477.887.324;477.887.324;477.887.324;477.887.324;477.887.324;477.887.324;477.887.324;47.785.982;47.785.982;47.785.982;47.785.982;47.785.982;47.785.982;47.785.982;47.785.982;47.785.982;477.868.987;477.857.025;477.857.025;477.857.025;477.857.025;477.873.386;477.873.386;477.868.996;477.868.996;477.868.996;477.878.166;477.875.114;477.875.114;477.875.114;477.875.114;477.886.953;477.886.953;477.851.437;477.851.437;477.851.437;477.851.437;477.851.437;477.851.437;477.851.437;477.851.437;477.851.437;477.851.437;477.873.582;477.873.582;477.873.582;477.873.582;477.873.582;477.873.582;477.873.582;477.873.582;477.873.582;477.895.727;477.895.727;477.904.698;477.904.698;477.904.698;477.904.698;477.904.698;477.904.698;477.904.698;477.904.698;477.904.698;477.904.698;47.791.367;47.791.367;47.791.367;47.791.367;47.791.367;47.791.367;47.791.367;47.791.367;47.791.367;47.791.367;47.791.367;47.791.367;477.942.161;477.942.161;477.942.161;477.942.161;477.942.161;477.942.161;477.942.161;477.942.161;477.942.161;477.942.161;477.970.653;477.970.653;477.970.653;477.970.653;477.970.653;477.970.653;477.970.653;477.970.653;477.970.653;477.970.653;477.970.653;47.796.487;47.796.487;47.796.487;47.796.487;47.796.487;47.796.487;47.796.487;47.796.487;477.959.088;477.959.088;477.959.088;47.794.735;47.794.735;47.794.735;47.794.735;47.794.735;47.794.735;47.794.735;47.794.735;47.794.735;477.935.612;477.934.426;477.934.426;477.934.426;477.931.415;477.931.415;477.931.415;477.931.415;477.931.415;477.931.415;477.931.415;477.929.317;477.929.317;477.929.317;477.925.394;477.906.359;477.906.359;477.906.359;477.906.359;477.906.359;477.906.359;477.906.359;477.906.359;477.906.359;477.887.324;477.887.324;477.887.324;477.887.324;477.887.324;477.887.324;477.887.324;477.887.324;477.887.324;477.887.324;477.887.324;477.887.324; 
Accuracy;1066;1066;1066;1066;1066;1066;1066;1066;1066;1066;1066;1066;1262;1262;1262;1262;1262;1262;1262;1262;1262;1262;1262;1262;1262;1262;1262;1262;1262;1262;1262;1262;1262;1262;1262;1262;1262;1262;1262;1262;1262;1262;1262;1262;1262;1262;1262;1262;1262;1262;1262;1262;1262;1262;1262;1262;1013;1013;1013;1013;1013;1013;1013;1013;1013;1013;1013;1013;1013;1013;957;957;957;957;957;957;957;957;957;957;957;957;1072;1072;1072;1072;1072;1072;1072;1072;1072;1072;1045;1045;1045;1045;1045;1045;1045;1045;1045;1045;1045;883;883;883;883;883;883;883;883;883;883;883;883;883;883;883;883;883;883;883;883;883;883;883;883;883;883;883;883;883;883;883;883;1170;1170;1170;1170;1170;1170;1170;1170;1170;1170;1170;1170;1170;1170;1170;1170;1170;1170;1170;1197;1197;1197;1121;1121;1121;1121;1121;1121;1121;1121;1121;1121;1121;1121;1121;1121;1121;1121;1121;1121;1121;1121;1286;1286;1286;1286;1262;1262;1262;1262;1262;1262;1262;1262;1262;1262;1262;1262;1262;1262;1262;1262;1262;1262;1262;1262;1262; 
Speed; null; null; null; null; null; null; null; null; null; null; null; null; null; null; null; null; null; null; null; null; null; null; null; null; null; null; null; null; null; null; null; null; null; null; null; null; null; null; null; null; null; null; null; null; null; null; null; null; null; null; null; null; null; null; null; null; null; null; null; null; null; null; null; null; null; null; null; null; null; null; null; null; null; null; null; null; null; null; null; null; null; null; null; null; null; null; null; null; null; null; null; null; null; null; null; null; null; null; null; null; null; null; null; null; null; null; null; null; null; null; null; null; null; null; null; null; null; null; null; null; null; null; null; null; null; null; null; null; null; null; null; null; null; null; null; null; null; null; null; null; null; null; null; null; null; null; null; null; null; null; null; null; null; null; null; null; null; null; null; null; null; null; null; null; null; null; null; null; null; null; null; null; null; null; null; null; null; null; null; null; null; null; null; null; null; null; null; null; null; null; null; null; null; null; null; null; null; null; null; null; null; null; 
Time; Thu Aug 28 2014 20:22:41 GMT+0200 (CEST); Thu Aug 28 2014 20:22:43 GMT+0200 (CEST); Thu Aug 28 2014 20:22:46 GMT+0200 (CEST); Thu Aug 28 2014 20:22:49 GMT+0200 (CEST); Thu Aug 28 2014 20:22:52 GMT+0200 (CEST); Thu Aug 28 2014 20:22:55 GMT+0200 (CEST); Thu Aug 28 2014 20:22:58 GMT+0200 (CEST); Thu Aug 28 2014 20:23:01 GMT+0200 (CEST); Thu Aug 28 2014 20:23:04 GMT+0200 (CEST); Thu Aug 28 2014 20:23:07 GMT+0200 (CEST); Thu Aug 28 2014 20:23:10 GMT+0200 (CEST); Thu Aug 28 2014 20:23:13 GMT+0200 (CEST); Thu Aug 28 2014 20:23:16 GMT+0200 (CEST); Thu Aug 28 2014 20:23:19 GMT+0200 (CEST); Thu Aug 28 2014 20:23:22 GMT+0200 (CEST); Thu Aug 28 2014 20:23:25 GMT+0200 (CEST); Thu Aug 28 2014 20:23:28 GMT+0200 (CEST); Thu Aug 28 2014 20:23:31 GMT+0200 (CEST); Thu Aug 28 2014 20:23:34 GMT+0200 (CEST); Thu Aug 28 2014 20:23:37 GMT+0200 (CEST); Thu Aug 28 2014 20:23:40 GMT+0200 (CEST); Thu Aug 28 2014 20:23:43 GMT+0200 (CEST); Thu Aug 28 2014 20:23:46 GMT+0200 (CEST); Thu Aug 28 2014 20:23:49 GMT+0200 (CEST); Thu Aug 28 2014 20:23:52 GMT+0200 (CEST); Thu Aug 28 2014 20:23:55 GMT+0200 (CEST); Thu Aug 28 2014 20:23:58 GMT+0200 (CEST); Thu Aug 28 2014 20:24:01 GMT+0200 (CEST); Thu Aug 28 2014 20:24:04 GMT+0200 (CEST); Thu Aug 28 2014 20:24:07 GMT+0200 (CEST); Thu Aug 28 2014 20:24:10 GMT+0200 (CEST); Thu Aug 28 2014 20:24:13 GMT+0200 (CEST); Thu Aug 28 2014 20:24:16 GMT+0200 (CEST); Thu Aug 28 2014 20:24:19 GMT+0200 (CEST); Thu Aug 28 2014 20:24:22 GMT+0200 (CEST); Thu Aug 28 2014 20:24:25 GMT+0200 (CEST); Thu Aug 28 2014 20:24:28 GMT+0200 (CEST); Thu Aug 28 2014 20:24:31 GMT+0200 (CEST); Thu Aug 28 2014 20:24:34 GMT+0200 (CEST); Thu Aug 28 2014 20:24:37 GMT+0200 (CEST); Thu Aug 28 2014 20:24:40 GMT+0200 (CEST); Thu Aug 28 2014 20:24:43 GMT+0200 (CEST); Thu Aug 28 2014 20:24:46 GMT+0200 (CEST); Thu Aug 28 2014 20:24:49 GMT+0200 (CEST); Thu Aug 28 2014 20:24:52 GMT+0200 (CEST); Thu Aug 28 2014 20:24:55 GMT+0200 (CEST); Thu Aug 28 2014 20:24:58 GMT+0200 (CEST); Thu Aug 28 2014 20:25:01 GMT+0200 (CEST); Thu Aug 28 2014 20:25:04 GMT+0200 (CEST); Thu Aug 28 2014 20:25:07 GMT+0200 (CEST); Thu Aug 28 2014 20:25:10 GMT+0200 (CEST); Thu Aug 28 2014 20:25:13 GMT+0200 (CEST); Thu Aug 28 2014 20:25:16 GMT+0200 (CEST); Thu Aug 28 2014 20:25:19 GMT+0200 (CEST); Thu Aug 28 2014 20:25:22 GMT+0200 (CEST); Thu Aug 28 2014 20:25:25 GMT+0200 (CEST); Thu Aug 28 2014 20:25:28 GMT+0200 (CEST); Thu Aug 28 2014 20:25:31 GMT+0200 (CEST); Thu Aug 28 2014 20:25:34 GMT+0200 (CEST); Thu Aug 28 2014 20:25:37 GMT+0200 (CEST); Thu Aug 28 2014 20:25:42 GMT+0200 (CEST); Thu Aug 28 2014 20:25:43 GMT+0200 (CEST); Thu Aug 28 2014 20:25:46 GMT+0200 (CEST); Thu Aug 28 2014 20:25:49 GMT+0200 (CEST); Thu Aug 28 2014 20:25:52 GMT+0200 (CEST); Thu Aug 28 2014 20:25:55 GMT+0200 (CEST); Thu Aug 28 2014 20:25:58 GMT+0200 (CEST); Thu Aug 28 2014 20:26:01 GMT+0200 (CEST); Thu Aug 28 2014 20:26:04 GMT+0200 (CEST); Thu Aug 28 2014 20:26:07 GMT+0200 (CEST); Thu Aug 28 2014 20:26:10 GMT+0200 (CEST); Thu Aug 28 2014 20:26:13 GMT+0200 (CEST); Thu Aug 28 2014 20:26:16 GMT+0200 (CEST); Thu Aug 28 2014 20:26:19 GMT+0200 (CEST); Thu Aug 28 2014 20:26:22 GMT+0200 (CEST); Thu Aug 28 2014 20:26:25 GMT+0200 (CEST); Thu Aug 28 2014 20:26:28 GMT+0200 (CEST); Thu Aug 28 2014 20:26:31 GMT+0200 (CEST); Thu Aug 28 2014 20:26:34 GMT+0200 (CEST); Thu Aug 28 2014 20:26:37 GMT+0200 (CEST); Thu Aug 28 2014 20:26:40 GMT+0200 (CEST); Thu Aug 28 2014 20:26:43 GMT+0200 (CEST); Thu Aug 28 2014 20:26:46 GMT+0200 (CEST); Thu Aug 28 2014 20:26:49 GMT+0200 (CEST); Thu Aug 28 2014 20:26:52 GMT+0200 (CEST); Thu Aug 28 2014 20:26:55 GMT+0200 (CEST); Thu Aug 28 2014 20:26:58 GMT+0200 (CEST); Thu Aug 28 2014 20:27:01 GMT+0200 (CEST); Thu Aug 28 2014 20:27:06 GMT+0200 (CEST); Thu Aug 28 2014 20:27:07 GMT+0200 (CEST); Thu Aug 28 2014 20:27:10 GMT+0200 (CEST); Thu Aug 28 2014 20:27:13 GMT+0200 (CEST); Thu Aug 28 2014 20:27:16 GMT+0200 (CEST); Thu Aug 28 2014 20:27:19 GMT+0200 (CEST); Thu Aug 28 2014 20:27:22 GMT+0200 (CEST); Thu Aug 28 2014 20:27:25 GMT+0200 (CEST); Thu Aug 28 2014 20:27:28 GMT+0200 (CEST); Thu Aug 28 2014 20:27:31 GMT+0200 (CEST); Thu Aug 28 2014 20:27:34 GMT+0200 (CEST); Thu Aug 28 2014 20:27:37 GMT+0200 (CEST); Thu Aug 28 2014 20:27:40 GMT+0200 (CEST); Thu Aug 28 2014 20:27:43 GMT+0200 (CEST); Thu Aug 28 2014 20:27:46 GMT+0200 (CEST); Thu Aug 28 2014 20:27:49 GMT+0200 (CEST); Thu Aug 28 2014 20:27:52 GMT+0200 (CEST); Thu Aug 28 2014 20:27:55 GMT+0200 (CEST); Thu Aug 28 2014 20:27:58 GMT+0200 (CEST); Thu Aug 28 2014 20:28:02 GMT+0200 (CEST); Thu Aug 28 2014 20:28:04 GMT+0200 (CEST); Thu Aug 28 2014 20:28:07 GMT+0200 (CEST); Thu Aug 28 2014 20:28:10 GMT+0200 (CEST); Thu Aug 28 2014 20:28:13 GMT+0200 (CEST); Thu Aug 28 2014 20:28:16 GMT+0200 (CEST); Thu Aug 28 2014 20:28:19 GMT+0200 (CEST); Thu Aug 28 2014 20:28:22 GMT+0200 (CEST); Thu Aug 28 2014 20:28:25 GMT+0200 (CEST); Thu Aug 28 2014 20:28:28 GMT+0200 (CEST); Thu Aug 28 2014 20:28:31 GMT+0200 (CEST); Thu Aug 28 2014 20:28:34 GMT+0200 (CEST); Thu Aug 28 2014 20:28:37 GMT+0200 (CEST); Thu Aug 28 2014 20:28:40 GMT+0200 (CEST); Thu Aug 28 2014 20:28:43 GMT+0200 (CEST); Thu Aug 28 2014 20:28:46 GMT+0200 (CEST); Thu Aug 28 2014 20:28:49 GMT+0200 (CEST); Thu Aug 28 2014 20:28:52 GMT+0200 (CEST); Thu Aug 28 2014 20:28:55 GMT+0200 (CEST); Thu Aug 28 2014 20:28:58 GMT+0200 (CEST); Thu Aug 28 2014 20:29:01 GMT+0200 (CEST); Thu Aug 28 2014 20:29:04 GMT+0200 (CEST); Thu Aug 28 2014 20:29:07 GMT+0200 (CEST); Thu Aug 28 2014 20:29:10 GMT+0200 (CEST); Thu Aug 28 2014 20:29:13 GMT+0200 (CEST); Thu Aug 28 2014 20:29:16 GMT+0200 (CEST); Thu Aug 28 2014 20:29:19 GMT+0200 (CEST); Thu Aug 28 2014 20:29:22 GMT+0200 (CEST); Thu Aug 28 2014 20:29:25 GMT+0200 (CEST); Thu Aug 28 2014 20:29:28 GMT+0200 (CEST); Thu Aug 28 2014 20:29:31 GMT+0200 (CEST); Thu Aug 28 2014 20:29:34 GMT+0200 (CEST); Thu Aug 28 2014 20:29:37 GMT+0200 (CEST); Thu Aug 28 2014 20:29:40 GMT+0200 (CEST); Thu Aug 28 2014 20:29:43 GMT+0200 (CEST); Thu Aug 28 2014 20:29:46 GMT+0200 (CEST); Thu Aug 28 2014 20:29:49 GMT+0200 (CEST); Thu Aug 28 2014 20:29:52 GMT+0200 (CEST); Thu Aug 28 2014 20:29:55 GMT+0200 (CEST); Thu Aug 28 2014 20:30:05 GMT+0200 (CEST); Thu Aug 28 2014 20:30:06 GMT+0200 (CEST); Thu Aug 28 2014 20:30:09 GMT+0200 (CEST); Thu Aug 28 2014 20:30:12 GMT+0200 (CEST); Thu Aug 28 2014 20:30:15 GMT+0200 (CEST); Thu Aug 28 2014 20:30:18 GMT+0200 (CEST); Thu Aug 28 2014 20:30:21 GMT+0200 (CEST); Thu Aug 28 2014 20:30:24 GMT+0200 (CEST); Thu Aug 28 2014 20:30:27 GMT+0200 (CEST); Thu Aug 28 2014 20:30:30 GMT+0200 (CEST); Thu Aug 28 2014 20:30:33 GMT+0200 (CEST); Thu Aug 28 2014 20:30:36 GMT+0200 (CEST); Thu Aug 28 2014 20:30:39 GMT+0200 (CEST); Thu Aug 28 2014 20:30:42 GMT+0200 (CEST); Thu Aug 28 2014 20:30:45 GMT+0200 (CEST); Thu Aug 28 2014 20:30:48 GMT+0200 (CEST); Thu Aug 28 2014 20:30:51 GMT+0200 (CEST); Thu Aug 28 2014 20:30:54 GMT+0200 (CEST); Thu Aug 28 2014 20:30:57 GMT+0200 (CEST); Thu Aug 28 2014 20:31:00 GMT+0200 (CEST); Thu Aug 28 2014 20:31:03 GMT+0200 (CEST); Thu Aug 28 2014 20:31:06 GMT+0200 (CEST); Thu Aug 28 2014 20:31:09 GMT+0200 (CEST); Thu Aug 28 2014 20:31:12 GMT+0200 (CEST); Thu Aug 28 2014 20:31:15 GMT+0200 (CEST); Thu Aug 28 2014 20:31:18 GMT+0200 (CEST); Thu Aug 28 2014 20:31:21 GMT+0200 (CEST); Thu Aug 28 2014 20:31:24 GMT+0200 (CEST); Thu Aug 28 2014 20:31:27 GMT+0200 (CEST); Thu Aug 28 2014 20:31:30 GMT+0200 (CEST); Thu Aug 28 2014 20:31:33 GMT+0200 (CEST); Thu Aug 28 2014 20:31:36 GMT+0200 (CEST); Thu Aug 28 2014 20:31:39 GMT+0200 (CEST); Thu Aug 28 2014 20:31:42 GMT+0200 (CEST); Thu Aug 28 2014 20:31:45 GMT+0200 (CEST); Thu Aug 28 2014 20:31:48 GMT+0200 (CEST); Thu Aug 28 2014 20:31:51 GMT+0200 (CEST); Thu Aug 28 2014 20:31:54 GMT+0200 (CEST); Thu Aug 28 2014 20:31:57 GMT+0200 (CEST); Thu Aug 28 2014 20:32:00 GMT+0200 (CEST); Thu Aug 28 2014 20:32:03 GMT+0200 (CEST); Thu Aug 28 2014 20:32:07 GMT+0200 (CEST); Thu Aug 28 2014 20:32:09 GMT+0200 (CEST); Thu Aug 28 2014 20:32:12 GMT+0200 (CEST); Thu Aug 28 2014 20:32:15 GMT+0200 (CEST); Thu Aug 28 2014 20:32:18 GMT+0200 (CEST); Thu Aug 28 2014 20:32:21 GMT+0200 (CEST); Thu Aug 28 2014 20:32:24 GMT+0200 (CEST); Thu Aug 28 2014 20:32:27 GMT+0200 (CEST); Thu Aug 28 2014 20:32:30 GMT+0200 (CEST); Thu Aug 28 2014 20:32:33 GMT+0200 (CEST); Thu Aug 28 2014 20:32:36 GMT+0200 (CEST); Thu Aug 28 2014 20:32:39 GMT+0200 (CEST); Thu Aug 28 2014 20:32:42 GMT+0200 (CEST); Thu Aug 28 2014 20:32:44 GMT+0200 (CEST); Thu Aug 28 2014 20:32:47 GMT+0200 (CEST); 
;;;;;;;;;;;;;;;;;;;;;;;;;;;;;;;;;;;;;;;;;;;;;;;;;;;;;;;;;;;;;;;;;;;;;;;;;;;;;;;;;;;;;;;;;;;;;;;;;;;;;;;;;;;;;;;;;;;;;;;;;;;;;;;;;;;;;;;;;;;;;;;;;;;;;;;;;;;;;;;;;;;;;;;;;;;;;;;;;;;;;;;;;;;;;;;;;;;;;;;;;;;
Maximal;2756;;;;;;;;;;;;;;;;;;;;;;;;;;;;;;;;;;;;;;;;;;;;;;;;;;;;;;;;;;;;;;;;;;;;;;;;;;;;;;;;;;;;;;;;;;;;;;;;;;;;;;;;;;;;;;;;;;;;;;;;;;;;;;;;;;;;;;;;;;;;;;;;;;;;;;;;;;;;;;;;;;;;;;;;;;;;;;;;;;;;;;;;;;;;;;;;;;;;;;;;;;
Minimal;847;;;;;;;;;;;;;;;;;;;;;;;;;;;;;;;;;;;;;;;;;;;;;;;;;;;;;;;;;;;;;;;;;;;;;;;;;;;;;;;;;;;;;;;;;;;;;;;;;;;;;;;;;;;;;;;;;;;;;;;;;;;;;;;;;;;;;;;;;;;;;;;;;;;;;;;;;;;;;;;;;;;;;;;;;;;;;;;;;;;;;;;;;;;;;;;;;;;;;;;;;;
Durchschnitt;1433;;;;;;;;;;;;;;;;;;;;;;;;;;;;;;;;;;;;;;;;;;;;;;;;;;;;;;;;;;;;;;;;;;;;;;;;;;;;;;;;;;;;;;;;;;;;;;;;;;;;;;;;;;;;;;;;;;;;;;;;;;;;;;;;;;;;;;;;;;;;;;;;;;;;;;;;;;;;;;;;;;;;;;;;;;;;;;;;;;;;;;;;;;;;;;;;;;;;;;;;;;
