Fahrt 1;;;;;;;;;;;;;;;;;;;;;;;;;;;;;;;;;;;;;;;;;;;;;;;;;;;;;;;;;;;;;;;;;;;;;;;;;;;;;;;;;;;;;;;;;;;;;;;;;;;;;;;;;;;;;;;;;;;;;;;;;;;;;;;;;;;;;;;;;;;;;;;;;;;;;;;;;;;;;;;;;;;;;;;;;;;;;;;;;;;;;;;;;;;;;;;;;;;;;;;;;;;;;;;;;;;;;;;;;;;;;;;;;;;;;;;;;;;;;;;;;;;;
Max RPM;6000;6000;6000;6000;6000;6000;6000;6000;6000;6000;6000;6000;6000;6000;6000;6000;6000;6000;6000;6000;6000;6000;6000;6000;6000;6000;6000;6000;6000;6000;6000;6000;6000;6000;6000;6000;6000;6000;6000;6000;6000;6000;6000;6000;6000;6000;6000;6000;6000;6000;6000;6000;6000;6000;6000;6000;6000;6000;6000;6000;6000;6000;6000;6000;6000;6000;6000;6000;6000;6000;6000;6000;6000;6000;6000;6000;6000;6000;6000;6000;6000;6000;6000;6000;6000;6000;6000;6000;6000;6000;6000;6000;6000;6000;6000;6000;6000;6000;6000;6000;6000;6000;6000;6000;6000;6000;6000;6000;6000;6000;6000;6000;6000;6000;6000;6000;6000;6000;6000;6000;6000;6000;6000;6000;6000;6000;6000;6000;6000;6000;6000;6000;6000;6000;6000;6000;6000;6000;6000;6000;6000;6000;6000;6000;6000;6000;6000;6000;6000;6000;6000;6000;6000;6000;6000;6000;6000;6000;6000;6000;6000;6000;6000;6000;6000;6000;6000;6000;6000;6000;6000;6000;6000;6000;6000;6000;6000;6000;6000;6000;6000;6000;6000;6000;6000;6000;6000;6000;6000;6000;6000;6000;6000;6000;6000;6000;6000;6000;6000;6000;6000;6000;6000;6000;6000;6000;6000;6000;6000;6000;6000;6000;6000; ;;;;;;;;;;;;;;;;;;;;;;;;;;;;;;
RPM;803;799;801;801;801;802;800;800;810;883;1038;1161;849;1794;1128;1191;886;1352;2130;1602;1660;1608;1623;1677;1594;1428;793;825;819;800;803;798;1053;1015;2033;1426;1466;1248;822;830;826;799;803;1788;1264;1216;1370;1467;1565;1637;1589;1409;1256;1180;1196;1228;1273;1286;1191;973;824;1031;891;1999;1542;1604;2078;1532;1776;1823;1822;1822;1814;1808;1846;1890;909;1364;1352;1341;1337;1135;1359;1250;1585;1835;1862;1676;1557;1507;1422;1234;1288;1569;1634;1622;736;829;1904;1196;1395;1320;809;833;806;991;1793;1231;1551;1284;834;831;881;1060;1067;873;830;802;798;800;803;799;803;802;803;1091;1352;840;830;834;794;796;794;1141;2000;1445;1735;1657;1190;829;808;810;806;803;803;789;791;799;795;807;800;811;801;802;1176;1271;1688;1165;1025;1768;1337;1628;1309;1362;1378;1397;1425;1455;1455;1429;1412;1398;1356;862;828;1429;2156;1668;1367;1431;1461;1489;1494;1350;824;907;1432;1675;1401;1526;1545;1505;1475;1386;848;830;1363;1556;1808;1173;1343;1483;1412;1444;1426;1304;838;828;965;832;809;805;806; ;;;;;;;;;;;;;;;;;;;;;;;;;;;;;;
Longitude;130.617.945;130.617.945;130.617.945;130.617.945;130.617.945;130.617.945;130.617.945;130.617.945;130.617.945;130.617.945;130.617.945;130.617.945;130.617.945;130.617.945;130.617.945;130.617.945;130.617.945;130.617.945;130.617.945;130.617.945;130.617.945;130.617.945;130.617.945;130.617.945;130.617.945;130.617.945;130.617.945;130.620.099;130.620.099;130.620.099;130.620.099;130.622.127;130.622.127;130.622.127;130.622.127;130.622.127;130.622.127;130.624.219;130.624.219;130.623.563;130.623.563;130.624.219;130.624.219;130.588.678;130.588.678;130.588.678;130.588.678;130.588.678;130.569.925;130.569.925;130.561.558;130.550.568;130.550.568;130.526.673;130.526.673;130.526.673;130.524.622;130.524.622;130.524.622;130.524.622;130.518.033;130.518.033;130.518.033;130.518.033;130.518.033;130.518.033;130.518.469;130.518.469;130.518.469;130.518.469;130.518.469;130.502.711;130.502.711;130.502.711;130.502.711;130.502.711;130.502.711;130.502.711;130.502.711;130.502.711;130.502.711;130.485.474;130.485.474;130.485.474;130.485.474;130.485.474;130.485.474;130.485.474;130.485.474;130.485.474;130.485.474;130.483.996;130.486.965;130.486.965;130.486.965;130.486.965;130.486.965;130.486.965;130.486.965;130.486.965;130.486.965;130.486.965;130.489.935;130.489.935;130.489.935;130.489.935;130.489.935;130.512.614;130.512.614;130.512.614;130.512.614;130.512.614;130.512.614;130.512.614;130.512.614;130.512.614;130.512.614;130.535.295;130.535.295;130.535.295;130.535.295;130.535.295;130.535.295;130.535.295;130.535.295;130.535.295;130.535.295;130.535.295;130.535.295;130.535.295;130.535.295;130.535.295;130.535.295;130.535.295;130.535.295;130.535.295;130.535.295;130.535.295;130.535.295;130.535.295;130.535.295;130.535.295;130.535.295;130.535.295;130.535.295;130.535.295;130.535.295;130.535.295;130.535.295;130.535.295;130.535.295;130.535.295;130.535.295;130.535.295;130.535.295;130.535.295;130.535.295;130.535.295;130.535.295;130.535.295;130.535.295;130.535.295;130.535.295;130.535.295;130.535.295;130.535.295;13.054.387;13.054.387;13.054.387;13.054.387;13.054.387;130.560.956;130.560.956;130.560.956;130.560.956;130.560.956;130.573.787;130.573.787;130.573.787;130.573.787;130.594.788;13.060.485;13.060.485;13.060.485;13.060.485;13.060.485;13.060.485;13.060.485;13.060.485;13.060.485;130.609.711;130.624.974;130.624.974;130.624.974;130.624.974;130.624.974;130.624.974;130.624.974;130.624.974;130.623.614;130.623.614;130.623.614;130.623.614;130.623.614;130.623.614;130.623.614;130.623.614;130.623.614;130.623.614;130.622.253;130.622.253;130.622.253;130.622.253; ;;;;;;;;;;;;;;;;;;;;;;;;;;;;;;
Latitude;477.879.491;477.879.491;477.879.491;477.879.491;477.879.491;477.879.491;477.879.491;477.879.491;477.879.491;477.879.491;477.879.491;477.879.491;477.879.491;477.879.491;477.879.491;477.879.491;477.879.491;477.879.491;477.879.491;477.879.491;477.879.491;477.879.491;477.879.491;477.879.491;477.879.491;477.879.491;477.879.491;477.883.407;477.883.407;477.883.407;477.883.407;477.866.377;477.866.377;477.866.377;477.866.377;477.866.377;477.866.377;47.785.982;47.785.982;477.868.987;477.868.987;47.785.982;47.785.982;477.857.025;477.857.025;477.857.025;477.857.025;477.857.025;47.786.938;47.786.938;477.887.076;477.878.166;477.878.166;477.875.114;477.875.114;477.875.114;47.786.906;47.786.906;47.786.906;47.786.906;477.851.167;477.851.167;477.851.167;477.851.167;477.851.167;477.851.167;477.850.897;477.850.897;477.850.897;477.850.897;477.850.897;477.871.931;477.871.931;477.871.931;477.871.931;477.871.931;477.871.931;477.871.931;477.871.931;477.871.931;477.871.931;477.907.077;477.907.077;477.907.077;477.907.077;477.907.077;477.907.077;477.907.077;477.907.077;477.907.077;477.907.077;47.792.119;477.923.466;477.923.466;477.923.466;477.923.466;477.923.466;477.923.466;477.923.466;477.923.466;477.923.466;477.923.466;477.925.743;477.925.743;477.925.743;477.925.743;477.925.743;477.947.616;477.947.616;477.947.616;477.947.616;477.947.616;477.947.616;477.947.616;477.947.616;477.947.616;477.947.616;47.796.949;47.796.949;47.796.949;47.796.949;47.796.949;47.796.949;47.796.949;47.796.949;47.796.949;47.796.949;47.796.949;47.796.949;47.796.949;47.796.949;47.796.949;47.796.949;47.796.949;47.796.949;47.796.949;47.796.949;47.796.949;47.796.949;47.796.949;47.796.949;47.796.949;47.796.949;47.796.949;47.796.949;47.796.949;47.796.949;47.796.949;47.796.949;47.796.949;47.796.949;47.796.949;47.796.949;47.796.949;47.796.949;47.796.949;47.796.949;47.796.949;47.796.949;47.796.949;47.796.949;47.796.949;47.796.949;47.796.949;47.796.949;47.796.949;477.964.288;477.964.288;477.964.288;477.964.288;477.964.288;477.954.729;477.954.729;477.954.729;477.954.729;477.954.729;47.794.735;47.794.735;47.794.735;47.794.735;477.934.426;477.931.415;477.931.415;477.931.415;477.931.415;477.931.415;477.931.415;477.931.415;477.931.415;477.931.415;477.929.317;477.925.394;477.925.394;477.925.394;477.925.394;477.925.394;477.925.394;477.925.394;477.925.394;477.906.359;477.906.359;477.906.359;477.906.359;477.906.359;477.906.359;477.906.359;477.906.359;477.906.359;477.906.359;477.887.324;477.887.324;477.887.324;477.887.324; ;;;;;;;;;;;;;;;;;;;;;;;;;;;;;;
Accuracy;1260;1260;1260;1260;1260;1260;1260;1260;1260;1260;1260;1260;1260;1260;1260;1260;1260;1260;1260;1260;1260;1260;1260;1260;1260;1260;1260;1260;1260;1260;1260;1013;1013;1013;1013;1013;1013;1013;1013;1013;1013;1013;1013;1013;1013;1013;1013;1013;1072;1072;957;957;957;957;957;957;957;957;957;957;1072;1072;1072;1072;1072;1072;1140;1140;1140;1140;1140;960;960;960;960;960;960;960;960;960;960;896;896;896;896;896;896;896;896;896;896;896;857;857;857;857;857;857;857;857;857;857;857;857;857;857;857;857;857;857;857;857;857;857;857;857;857;959;959;959;959;959;959;959;959;959;959;959;959;959;959;959;959;959;959;959;959;959;959;959;959;959;959;959;959;959;959;959;959;959;959;959;959;959;959;959;959;959;959;959;959;959;959;959;959;959;959;959;959;959;959;959;959;959;959;959;1121;1121;1121;1121;1121;1121;1121;1121;1121;1121;1121;1121;1121;1121;1286;1286;1286;1286;1286;1286;1286;1286;1286;1262;1262;1262;1262;1262;1262;1262;1262;1262;1262;1262;1262;1262;1262; ;;;;;;;;;;;;;;;;;;;;;;;;;;;;;;
Speed; null; null; null; null; null; null; null; null; null; null; null; null; null; null; null; null; null; null; null; null; null; null; null; null; null; null; null; null; null; null; null; null; null; null; null; null; null; null; null; null; null; null; null; null; null; null; null; null; null; null; null; null; null; null; null; null; null; null; null; null; null; null; null; null; null; null; null; null; null; null; null; null; null; null; null; null; null; null; null; null; null; null; null; null; null; null; null; null; null; null; null; null; null; null; null; null; null; null; null; null; null; null; null; null; null; null; null; null; null; null; null; null; null; null; null; null; null; null; null; null; null; null; null; null; null; null; null; null; null; null; null; null; null; null; null; null; null; null; null; null; null; null; null; null; null; null; null; null; null; null; null; null; null; null; null; null; null; null; null; null; null; null; null; null; null; null; null; null; null; null; null; null; null; null; null; null; null; null; null; null; null; null; null; null; null; null; null; null; null; null; null; null; null; null; null; null; null; null; null; null; null; null; null; null; null; null; null; null; null; null; null; null; null; ;;;;;;;;;;;;;;;;;;;;;;;;;;;;;;
Time; Thu Aug 28 2014 18:00:38 GMT+0200 (CEST); Thu Aug 28 2014 18:00:41 GMT+0200 (CEST); Thu Aug 28 2014 18:00:44 GMT+0200 (CEST); Thu Aug 28 2014 18:00:47 GMT+0200 (CEST); Thu Aug 28 2014 18:00:50 GMT+0200 (CEST); Thu Aug 28 2014 18:00:53 GMT+0200 (CEST); Thu Aug 28 2014 18:00:56 GMT+0200 (CEST); Thu Aug 28 2014 18:00:59 GMT+0200 (CEST); Thu Aug 28 2014 18:01:02 GMT+0200 (CEST); Thu Aug 28 2014 18:01:05 GMT+0200 (CEST); Thu Aug 28 2014 18:01:08 GMT+0200 (CEST); Thu Aug 28 2014 18:01:11 GMT+0200 (CEST); Thu Aug 28 2014 18:01:14 GMT+0200 (CEST); Thu Aug 28 2014 18:01:17 GMT+0200 (CEST); Thu Aug 28 2014 18:01:20 GMT+0200 (CEST); Thu Aug 28 2014 18:01:23 GMT+0200 (CEST); Thu Aug 28 2014 18:01:26 GMT+0200 (CEST); Thu Aug 28 2014 18:01:29 GMT+0200 (CEST); Thu Aug 28 2014 18:01:32 GMT+0200 (CEST); Thu Aug 28 2014 18:01:35 GMT+0200 (CEST); Thu Aug 28 2014 18:01:38 GMT+0200 (CEST); Thu Aug 28 2014 18:01:41 GMT+0200 (CEST); Thu Aug 28 2014 18:01:44 GMT+0200 (CEST); Thu Aug 28 2014 18:01:47 GMT+0200 (CEST); Thu Aug 28 2014 18:01:50 GMT+0200 (CEST); Thu Aug 28 2014 18:01:53 GMT+0200 (CEST); Thu Aug 28 2014 18:01:56 GMT+0200 (CEST); Thu Aug 28 2014 18:01:59 GMT+0200 (CEST); Thu Aug 28 2014 18:02:02 GMT+0200 (CEST); Thu Aug 28 2014 18:02:05 GMT+0200 (CEST); Thu Aug 28 2014 18:02:08 GMT+0200 (CEST); Thu Aug 28 2014 18:02:11 GMT+0200 (CEST); Thu Aug 28 2014 18:02:14 GMT+0200 (CEST); Thu Aug 28 2014 18:02:17 GMT+0200 (CEST); Thu Aug 28 2014 18:02:20 GMT+0200 (CEST); Thu Aug 28 2014 18:02:23 GMT+0200 (CEST); Thu Aug 28 2014 18:02:26 GMT+0200 (CEST); Thu Aug 28 2014 18:02:29 GMT+0200 (CEST); Thu Aug 28 2014 18:02:32 GMT+0200 (CEST); Thu Aug 28 2014 18:02:35 GMT+0200 (CEST); Thu Aug 28 2014 18:02:38 GMT+0200 (CEST); Thu Aug 28 2014 18:02:41 GMT+0200 (CEST); Thu Aug 28 2014 18:02:44 GMT+0200 (CEST); Thu Aug 28 2014 18:02:47 GMT+0200 (CEST); Thu Aug 28 2014 18:02:50 GMT+0200 (CEST); Thu Aug 28 2014 18:02:53 GMT+0200 (CEST); Thu Aug 28 2014 18:02:56 GMT+0200 (CEST); Thu Aug 28 2014 18:02:59 GMT+0200 (CEST); Thu Aug 28 2014 18:03:02 GMT+0200 (CEST); Thu Aug 28 2014 18:03:05 GMT+0200 (CEST); Thu Aug 28 2014 18:03:08 GMT+0200 (CEST); Thu Aug 28 2014 18:03:11 GMT+0200 (CEST); Thu Aug 28 2014 18:03:14 GMT+0200 (CEST); Thu Aug 28 2014 18:03:17 GMT+0200 (CEST); Thu Aug 28 2014 18:03:20 GMT+0200 (CEST); Thu Aug 28 2014 18:03:23 GMT+0200 (CEST); Thu Aug 28 2014 18:03:26 GMT+0200 (CEST); Thu Aug 28 2014 18:03:29 GMT+0200 (CEST); Thu Aug 28 2014 18:03:32 GMT+0200 (CEST); Thu Aug 28 2014 18:03:35 GMT+0200 (CEST); Thu Aug 28 2014 18:03:38 GMT+0200 (CEST); Thu Aug 28 2014 18:03:41 GMT+0200 (CEST); Thu Aug 28 2014 18:03:44 GMT+0200 (CEST); Thu Aug 28 2014 18:03:47 GMT+0200 (CEST); Thu Aug 28 2014 18:03:50 GMT+0200 (CEST); Thu Aug 28 2014 18:03:53 GMT+0200 (CEST); Thu Aug 28 2014 18:03:56 GMT+0200 (CEST); Thu Aug 28 2014 18:03:59 GMT+0200 (CEST); Thu Aug 28 2014 18:04:02 GMT+0200 (CEST); Thu Aug 28 2014 18:04:05 GMT+0200 (CEST); Thu Aug 28 2014 18:04:08 GMT+0200 (CEST); Thu Aug 28 2014 18:04:11 GMT+0200 (CEST); Thu Aug 28 2014 18:04:14 GMT+0200 (CEST); Thu Aug 28 2014 18:04:17 GMT+0200 (CEST); Thu Aug 28 2014 18:04:20 GMT+0200 (CEST); Thu Aug 28 2014 18:04:23 GMT+0200 (CEST); Thu Aug 28 2014 18:04:26 GMT+0200 (CEST); Thu Aug 28 2014 18:04:29 GMT+0200 (CEST); Thu Aug 28 2014 18:04:32 GMT+0200 (CEST); Thu Aug 28 2014 18:04:35 GMT+0200 (CEST); Thu Aug 28 2014 18:04:38 GMT+0200 (CEST); Thu Aug 28 2014 18:04:41 GMT+0200 (CEST); Thu Aug 28 2014 18:04:44 GMT+0200 (CEST); Thu Aug 28 2014 18:04:47 GMT+0200 (CEST); Thu Aug 28 2014 18:04:50 GMT+0200 (CEST); Thu Aug 28 2014 18:04:53 GMT+0200 (CEST); Thu Aug 28 2014 18:04:56 GMT+0200 (CEST); Thu Aug 28 2014 18:04:59 GMT+0200 (CEST); Thu Aug 28 2014 18:05:02 GMT+0200 (CEST); Thu Aug 28 2014 18:05:05 GMT+0200 (CEST); Thu Aug 28 2014 18:05:08 GMT+0200 (CEST); Thu Aug 28 2014 18:05:11 GMT+0200 (CEST); Thu Aug 28 2014 18:05:14 GMT+0200 (CEST); Thu Aug 28 2014 18:05:17 GMT+0200 (CEST); Thu Aug 28 2014 18:05:20 GMT+0200 (CEST); Thu Aug 28 2014 18:05:23 GMT+0200 (CEST); Thu Aug 28 2014 18:05:26 GMT+0200 (CEST); Thu Aug 28 2014 18:05:29 GMT+0200 (CEST); Thu Aug 28 2014 18:05:32 GMT+0200 (CEST); Thu Aug 28 2014 18:05:35 GMT+0200 (CEST); Thu Aug 28 2014 18:05:38 GMT+0200 (CEST); Thu Aug 28 2014 18:05:41 GMT+0200 (CEST); Thu Aug 28 2014 18:05:44 GMT+0200 (CEST); Thu Aug 28 2014 18:05:47 GMT+0200 (CEST); Thu Aug 28 2014 18:05:50 GMT+0200 (CEST); Thu Aug 28 2014 18:05:53 GMT+0200 (CEST); Thu Aug 28 2014 18:05:56 GMT+0200 (CEST); Thu Aug 28 2014 18:05:59 GMT+0200 (CEST); Thu Aug 28 2014 18:06:02 GMT+0200 (CEST); Thu Aug 28 2014 18:06:05 GMT+0200 (CEST); Thu Aug 28 2014 18:06:08 GMT+0200 (CEST); Thu Aug 28 2014 18:06:11 GMT+0200 (CEST); Thu Aug 28 2014 18:06:14 GMT+0200 (CEST); Thu Aug 28 2014 18:06:17 GMT+0200 (CEST); Thu Aug 28 2014 18:06:20 GMT+0200 (CEST); Thu Aug 28 2014 18:06:23 GMT+0200 (CEST); Thu Aug 28 2014 18:06:26 GMT+0200 (CEST); Thu Aug 28 2014 18:06:29 GMT+0200 (CEST); Thu Aug 28 2014 18:06:32 GMT+0200 (CEST); Thu Aug 28 2014 18:06:35 GMT+0200 (CEST); Thu Aug 28 2014 18:06:38 GMT+0200 (CEST); Thu Aug 28 2014 18:06:41 GMT+0200 (CEST); Thu Aug 28 2014 18:06:44 GMT+0200 (CEST); Thu Aug 28 2014 18:06:47 GMT+0200 (CEST); Thu Aug 28 2014 18:06:50 GMT+0200 (CEST); Thu Aug 28 2014 18:06:53 GMT+0200 (CEST); Thu Aug 28 2014 18:06:56 GMT+0200 (CEST); Thu Aug 28 2014 18:06:59 GMT+0200 (CEST); Thu Aug 28 2014 18:07:02 GMT+0200 (CEST); Thu Aug 28 2014 18:07:05 GMT+0200 (CEST); Thu Aug 28 2014 18:07:08 GMT+0200 (CEST); Thu Aug 28 2014 18:07:11 GMT+0200 (CEST); Thu Aug 28 2014 18:07:14 GMT+0200 (CEST); Thu Aug 28 2014 18:07:17 GMT+0200 (CEST); Thu Aug 28 2014 18:07:20 GMT+0200 (CEST); Thu Aug 28 2014 18:07:23 GMT+0200 (CEST); Thu Aug 28 2014 18:07:26 GMT+0200 (CEST); Thu Aug 28 2014 18:07:29 GMT+0200 (CEST); Thu Aug 28 2014 18:07:32 GMT+0200 (CEST); Thu Aug 28 2014 18:07:35 GMT+0200 (CEST); Thu Aug 28 2014 18:07:38 GMT+0200 (CEST); Thu Aug 28 2014 18:07:41 GMT+0200 (CEST); Thu Aug 28 2014 18:07:44 GMT+0200 (CEST); Thu Aug 28 2014 18:07:47 GMT+0200 (CEST); Thu Aug 28 2014 18:07:50 GMT+0200 (CEST); Thu Aug 28 2014 18:07:53 GMT+0200 (CEST); Thu Aug 28 2014 18:07:56 GMT+0200 (CEST); Thu Aug 28 2014 18:07:59 GMT+0200 (CEST); Thu Aug 28 2014 18:08:02 GMT+0200 (CEST); Thu Aug 28 2014 18:08:05 GMT+0200 (CEST); Thu Aug 28 2014 18:08:08 GMT+0200 (CEST); Thu Aug 28 2014 18:08:11 GMT+0200 (CEST); Thu Aug 28 2014 18:08:14 GMT+0200 (CEST); Thu Aug 28 2014 18:08:17 GMT+0200 (CEST); Thu Aug 28 2014 18:08:20 GMT+0200 (CEST); Thu Aug 28 2014 18:08:23 GMT+0200 (CEST); Thu Aug 28 2014 18:08:26 GMT+0200 (CEST); Thu Aug 28 2014 18:08:29 GMT+0200 (CEST); Thu Aug 28 2014 18:08:32 GMT+0200 (CEST); Thu Aug 28 2014 18:08:35 GMT+0200 (CEST); Thu Aug 28 2014 18:08:38 GMT+0200 (CEST); Thu Aug 28 2014 18:08:41 GMT+0200 (CEST); Thu Aug 28 2014 18:08:44 GMT+0200 (CEST); Thu Aug 28 2014 18:08:47 GMT+0200 (CEST); Thu Aug 28 2014 18:08:50 GMT+0200 (CEST); Thu Aug 28 2014 18:08:53 GMT+0200 (CEST); Thu Aug 28 2014 18:08:56 GMT+0200 (CEST); Thu Aug 28 2014 18:08:59 GMT+0200 (CEST); Thu Aug 28 2014 18:09:02 GMT+0200 (CEST); Thu Aug 28 2014 18:09:05 GMT+0200 (CEST); Thu Aug 28 2014 18:09:08 GMT+0200 (CEST); Thu Aug 28 2014 18:09:11 GMT+0200 (CEST); Thu Aug 28 2014 18:09:14 GMT+0200 (CEST); Thu Aug 28 2014 18:09:17 GMT+0200 (CEST); Thu Aug 28 2014 18:09:20 GMT+0200 (CEST); Thu Aug 28 2014 18:09:23 GMT+0200 (CEST); Thu Aug 28 2014 18:09:26 GMT+0200 (CEST); Thu Aug 28 2014 18:09:29 GMT+0200 (CEST); Thu Aug 28 2014 18:09:32 GMT+0200 (CEST); Thu Aug 28 2014 18:09:35 GMT+0200 (CEST); Thu Aug 28 2014 18:09:38 GMT+0200 (CEST); Thu Aug 28 2014 18:09:41 GMT+0200 (CEST); Thu Aug 28 2014 18:09:44 GMT+0200 (CEST); Thu Aug 28 2014 18:09:47 GMT+0200 (CEST); Thu Aug 28 2014 18:09:50 GMT+0200 (CEST); Thu Aug 28 2014 18:09:53 GMT+0200 (CEST); Thu Aug 28 2014 18:09:56 GMT+0200 (CEST); Thu Aug 28 2014 18:09:59 GMT+0200 (CEST); Thu Aug 28 2014 18:10:02 GMT+0200 (CEST); Thu Aug 28 2014 18:10:05 GMT+0200 (CEST); Thu Aug 28 2014 18:10:08 GMT+0200 (CEST); Thu Aug 28 2014 18:10:12 GMT+0200 (CEST); Thu Aug 28 2014 18:10:14 GMT+0200 (CEST); Thu Aug 28 2014 18:10:17 GMT+0200 (CEST); Thu Aug 28 2014 18:10:20 GMT+0200 (CEST); Thu Aug 28 2014 18:10:23 GMT+0200 (CEST); Thu Aug 28 2014 18:10:26 GMT+0200 (CEST); Thu Aug 28 2014 18:10:29 GMT+0200 (CEST); Thu Aug 28 2014 18:10:32 GMT+0200 (CEST); Thu Aug 28 2014 18:10:35 GMT+0200 (CEST); Thu Aug 28 2014 18:10:38 GMT+0200 (CEST); Thu Aug 28 2014 18:10:41 GMT+0200 (CEST); Thu Aug 28 2014 18:10:44 GMT+0200 (CEST); Thu Aug 28 2014 18:10:47 GMT+0200 (CEST); Thu Aug 28 2014 18:10:50 GMT+0200 (CEST); Thu Aug 28 2014 18:10:53 GMT+0200 (CEST); Thu Aug 28 2014 18:10:56 GMT+0200 (CEST); Thu Aug 28 2014 18:10:59 GMT+0200 (CEST); Thu Aug 28 2014 18:11:02 GMT+0200 (CEST); Thu Aug 28 2014 18:11:05 GMT+0200 (CEST); Thu Aug 28 2014 18:11:08 GMT+0200 (CEST); Thu Aug 28 2014 18:11:11 GMT+0200 (CEST); Thu Aug 28 2014 18:11:14 GMT+0200 (CEST); ;;;;;;;;;;;;;;;;;;;;;;;;;;;;;;
;;;;;;;;;;;;;;;;;;;;;;;;;;;;;;;;;;;;;;;;;;;;;;;;;;;;;;;;;;;;;;;;;;;;;;;;;;;;;;;;;;;;;;;;;;;;;;;;;;;;;;;;;;;;;;;;;;;;;;;;;;;;;;;;;;;;;;;;;;;;;;;;;;;;;;;;;;;;;;;;;;;;;;;;;;;;;;;;;;;;;;;;;;;;;;;;;;;;;;;;;;;;;;;;;;;;;;;;;;;;;;;;;;;;;;;;;;;;;;;;;;;;
Maximal;2156;;;;;;;;;;;;;;;;;;;;;;;;;;;;;;;;;;;;;;;;;;;;;;;;;;;;;;;;;;;;;;;;;;;;;;;;;;;;;;;;;;;;;;;;;;;;;;;;;;;;;;;;;;;;;;;;;;;;;;;;;;;;;;;;;;;;;;;;;;;;;;;;;;;;;;;;;;;;;;;;;;;;;;;;;;;;;;;;;;;;;;;;;;;;;;;;;;;;;;;;;;;;;;;;;;;;;;;;;;;;;;;;;;;;;;;;;;;;;;;;;;;
Minimal;736;;;;;;;;;;;;;;;;;;;;;;;;;;;;;;;;;;;;;;;;;;;;;;;;;;;;;;;;;;;;;;;;;;;;;;;;;;;;;;;;;;;;;;;;;;;;;;;;;;;;;;;;;;;;;;;;;;;;;;;;;;;;;;;;;;;;;;;;;;;;;;;;;;;;;;;;;;;;;;;;;;;;;;;;;;;;;;;;;;;;;;;;;;;;;;;;;;;;;;;;;;;;;;;;;;;;;;;;;;;;;;;;;;;;;;;;;;;;;;;;;;;
Durchschnitt;1227;;;;;;;;;;;;;;;;;;;;;;;;;;;;;;;;;;;;;;;;;;;;;;;;;;;;;;;;;;;;;;;;;;;;;;;;;;;;;;;;;;;;;;;;;;;;;;;;;;;;;;;;;;;;;;;;;;;;;;;;;;;;;;;;;;;;;;;;;;;;;;;;;;;;;;;;;;;;;;;;;;;;;;;;;;;;;;;;;;;;;;;;;;;;;;;;;;;;;;;;;;;;;;;;;;;;;;;;;;;;;;;;;;;;;;;;;;;;;;;;;;;
;;;;;;;;;;;;;;;;;;;;;;;;;;;;;;;;;;;;;;;;;;;;;;;;;;;;;;;;;;;;;;;;;;;;;;;;;;;;;;;;;;;;;;;;;;;;;;;;;;;;;;;;;;;;;;;;;;;;;;;;;;;;;;;;;;;;;;;;;;;;;;;;;;;;;;;;;;;;;;;;;;;;;;;;;;;;;;;;;;;;;;;;;;;;;;;;;;;;;;;;;;;;;;;;;;;;;;;;;;;;;;;;;;;;;;;;;;;;;;;;;;;;
;;;;;;;;;;;;;;;;;;;;;;;;;;;;;;;;;;;;;;;;;;;;;;;;;;;;;;;;;;;;;;;;;;;;;;;;;;;;;;;;;;;;;;;;;;;;;;;;;;;;;;;;;;;;;;;;;;;;;;;;;;;;;;;;;;;;;;;;;;;;;;;;;;;;;;;;;;;;;;;;;;;;;;;;;;;;;;;;;;;;;;;;;;;;;;;;;;;;;;;;;;;;;;;;;;;;;;;;;;;;;;;;;;;;;;;;;;;;;;;;;;;;
Fahrt 2;;;;;;;;;;;;;;;;;;;;;;;;;;;;;;;;;;;;;;;;;;;;;;;;;;;;;;;;;;;;;;;;;;;;;;;;;;;;;;;;;;;;;;;;;;;;;;;;;;;;;;;;;;;;;;;;;;;;;;;;;;;;;;;;;;;;;;;;;;;;;;;;;;;;;;;;;;;;;;;;;;;;;;;;;;;;;;;;;;;;;;;;;;;;;;;;;;;;;;;;;;;;;;;;;;;;;;;;;;;;;;;;;;;;;;;;;;;;;;;;;;;;
Max RPM;2000;2000;2000;2000;2000;2000;2000;2000;2000;2000;2000;2000;2000;2000;2000;2000;2000;2000;2000;2000;2000;2000;2000;2000;2000;2000;2000;2000;2000;2000;2000;2000;2000;2000;2000;2000;2000;2000;2000;2000;2000;2000;2000;2000;2000;2000;2000;2000;2000;2000;2000;2000;2000;2000;2000;2000;2000;2000;2000;2000;2000;2000;2000;2000;2000;2000;2000;2000;2000;2000;2000;2000;2000;2000;2000;2000;2000;2000;2000;2000;2000;2000;2000;2000;2000;2000;2000;2000;2000;2000;2000;2000;2000;2000;2000;2000;2000;2000;2000;2000;2000;2000;2000;2000;2000;2000;2000;2000;2000;2000;2000;2000;2000;2000;2000;2000;2000;2000;2000;2000;2000;2000;2000;2000;2000;2000;2000;2000;2000;2000;2000;2000;2000;2000;2000;2000;2000;2000;2000;2000;2000;2000;2000;2000;2000;2000;2000;2000;2000;2000;2000;2000;2000;2000;2000;2000;2000;2000;2000;2000;2000;2000;2000;2000;2000;2000;2000;2000;2000;2000;2000;2000;2000;2000;2000;2000;2000;2000;2000;2000;2000;2000;2000;2000;2000;2000;2000;2000;2000;2000;2000;2000;2000;2000;2000;2000;2000;2000;2000;2000;2000;2000;2000;2000;2000;2000;2000;2000;2000;2000;2000;2000;2000;2000;2000;2000;2000;2000;2000;2000;2000;2000;2000;2000;2000;2000;2000;2000;2000;2000;2000;2000;2000;2000;2000;2000;2000;2000;2000;2000;2000;2000;2000; 
RPM;801;798;800;797;800;800;800;805;802;797;802;798;1282;1974;1441;1075;861;1278;1384;757;1255;1377;1083;1140;1135;1111;1073;852;830;832;844;993;1611;1432;1110;1491;1181;1257;1307;1312;1319;1330;1345;1350;1350;1369;1318;1273;1232;814;832;831;832;800;802;799;792;796;801;799;794;800;796;800;1370;1150;1417;1003;1364;1086;1190;1272;1308;1311;1330;1349;1367;1392;1399;1371;1377;1350;839;1379;1177;1446;1149;1289;1350;1299;833;835;830;821;799;803;800;806;793;811;808;1022;852;1263;1098;1293;865;1199;1263;1214;1065;831;831;826;828;1486;1076;1205;827;829;805;804;801;798;796;805;792;798;795;799;797;796;1050;1324;1284;843;832;835;842;1043;862;1086;1015;851;843;822;832;830;829;812;808;809;800;803;804;796;802;797;809;797;805;792;799;984;1173;1364;1666;880;785;788;792;804;805;798;802;797;796;801;806;800;800;799;797;798;799;796;797;1091;1247;840;1001;910;1678;1210;1513;1294;1347;1363;1369;1391;1409;1394;1428;1718;1828;1692;1560;1485;1452;1447;1453;1445;1427;1415;1414;1411;1442;1481;1516;1510;1458;1406;1346;1248;903;1156;1213;1352;1488;1538;1535;1547;1440;828;826;830;961;870;828;809;804;803;803; 
Longitude;130.620.099;130.620.099;130.620.099;130.620.099;130.620.099;130.622.253;130.622.253;130.622.253;130.622.253;130.622.253;130.622.253;130.622.253;130.622.253;130.622.253;130.622.253;130.622.253;130.622.253;130.622.253;130.622.253;130.622.253;130.622.253;130.622.253;130.622.253;130.622.253;130.622.253;130.622.253;130.622.253;130.622.253;130.622.253;130.622.253;130.622.253;130.622.253;130.624.219;130.624.219;130.624.219;130.624.219;130.624.219;130.623.563;130.623.563;130.623.563;130.597.072;130.597.072;130.588.678;130.588.678;130.588.678;130.588.678;130.569.925;130.569.925;130.569.925;130.569.925;130.517.597;130.517.597;130.517.597;130.517.597;130.517.597;130.517.597;130.517.597;130.517.597;130.517.597;130.517.597;130.517.597;130.517.597;130.517.597;130.517.597;130.517.597;130.517.597;130.517.597;130.517.597;130.517.597;130.517.597;130.517.597;130.517.597;130.501.987;130.501.987;130.501.987;130.501.987;130.501.987;130.496.976;130.496.976;130.496.976;130.496.976;130.496.976;130.486.665;130.485.775;130.485.775;130.486.815;130.486.815;130.486.961;130.486.961;130.486.961;130.486.961;130.486.961;130.486.961;130.486.965;130.486.965;130.486.965;130.486.965;130.486.965;130.486.965;130.486.965;130.486.965;130.486.965;130.486.965;130.486.965;130.486.965;130.483.996;130.483.996;130.483.996;130.483.996;130.483.996;130.483.996;130.483.996;130.483.996;130.508.402;130.508.402;130.508.402;130.508.402;130.508.402;130.508.402;130.508.402;130.508.402;130.508.402;130.508.402;130.532.808;130.532.808;130.532.808;130.532.808;130.532.808;130.532.808;130.532.808;130.532.808;130.532.808;130.532.808;130.532.808;130.532.808;130.532.808;130.532.808;130.532.808;130.532.808;130.532.808;130.532.808;130.532.808;130.532.808;130.532.808;130.532.808;130.532.808;130.532.808;130.532.808;130.532.808;130.532.808;130.532.808;130.532.808;130.532.808;130.532.808;130.532.808;130.532.808;130.534.051;130.534.051;130.534.051;130.534.051;130.534.051;130.534.051;130.534.051;130.534.051;130.534.051;130.534.051;130.535.295;130.535.295;130.535.295;130.535.295;130.535.295;130.535.295;130.535.295;130.535.295;130.535.295;130.535.295;130.535.295;130.535.295;130.535.295;130.535.295;130.535.295;130.535.295;130.535.295;130.535.295;130.535.295;130.535.295;130.535.295;130.535.295;130.535.295;130.535.295;130.535.295;130.535.295;130.535.295;130.535.295;130.535.295;130.535.295;130.535.295;130.535.295;130.535.295;130.535.295;130.535.295;13.054.387;13.054.387;13.054.387;130.560.956;130.560.956;130.560.956;130.560.956;130.560.956;130.560.956;130.569.329;130.580.674;130.591.749;130.591.749;13.060.485;13.060.485;13.060.485;13.060.485;13.060.485;13.060.485;130.609.711;130.609.711;130.624.974;130.623.614;130.623.614;130.623.614;13.062.571;13.062.571;13.062.571;13.062.571;13.062.571;13.062.571;130.623.366;130.623.366;130.623.366;130.623.366;130.623.923;130.623.923;130.623.923;130.623.923;130.623.923;130.617.945; ;
Latitude;477.883.407;477.883.407;477.883.407;477.883.407;477.883.407;477.887.324;477.887.324;477.887.324;477.887.324;477.887.324;477.887.324;477.887.324;477.887.324;477.887.324;477.887.324;477.887.324;477.887.324;477.887.324;477.887.324;477.887.324;477.887.324;477.887.324;477.887.324;477.887.324;477.887.324;477.887.324;477.887.324;477.887.324;477.887.324;477.887.324;477.887.324;477.887.324;47.785.982;47.785.982;47.785.982;47.785.982;47.785.982;477.868.987;477.868.987;477.868.987;4.778.646;4.778.646;477.857.025;477.857.025;477.857.025;477.857.025;47.786.938;47.786.938;47.786.938;47.786.938;477.851.437;477.851.437;477.851.437;477.851.437;477.851.437;477.851.437;477.851.437;477.851.437;477.851.437;477.851.437;477.851.437;477.851.437;477.851.437;477.851.437;477.851.437;477.851.437;477.851.437;477.851.437;477.851.437;477.851.437;477.851.437;477.851.437;477.873.582;477.873.582;477.873.582;477.873.582;477.873.582;477.880.043;477.880.043;477.880.043;477.880.043;477.880.043;477.894.346;477.903.294;477.903.294;477.908.906;477.908.906;477.913.299;477.913.299;477.913.299;477.913.299;477.913.299;477.913.299;477.923.466;477.923.466;477.923.466;477.923.466;477.923.466;477.923.466;477.923.466;477.923.466;477.923.466;477.923.466;477.923.466;477.923.466;47.792.119;47.792.119;47.792.119;47.792.119;47.792.119;47.792.119;47.792.119;47.792.119;477.947.251;477.947.251;477.947.251;477.947.251;477.947.251;477.947.251;477.947.251;477.947.251;477.947.251;477.947.251;477.973.312;477.973.312;477.973.312;477.973.312;477.973.312;477.973.312;477.973.312;477.973.312;477.973.312;477.973.312;477.973.312;477.973.312;477.973.312;477.973.312;477.973.312;477.973.312;477.973.312;477.973.312;477.973.312;477.973.312;477.973.312;477.973.312;477.973.312;477.973.312;477.973.312;477.973.312;477.973.312;477.973.312;477.973.312;477.973.312;477.973.312;477.973.312;477.973.312;477.971.401;477.971.401;477.971.401;477.971.401;477.971.401;477.971.401;477.971.401;477.971.401;477.971.401;477.971.401;47.796.949;47.796.949;47.796.949;47.796.949;47.796.949;47.796.949;47.796.949;47.796.949;47.796.949;47.796.949;47.796.949;47.796.949;47.796.949;47.796.949;47.796.949;47.796.949;47.796.949;47.796.949;47.796.949;47.796.949;47.796.949;47.796.949;47.796.949;47.796.949;47.796.949;47.796.949;47.796.949;47.796.949;47.796.949;47.796.949;47.796.949;47.796.949;47.796.949;47.796.949;47.796.949;477.964.288;477.964.288;477.964.288;477.954.729;477.954.729;477.954.729;477.954.729;477.954.729;477.954.729;477.949.357;477.942.646;477.938.333;477.938.333;477.931.415;477.931.415;477.931.415;477.931.415;477.931.415;477.931.415;477.929.317;477.929.317;477.925.394;477.906.359;477.906.359;477.906.359;477.898.702;477.898.702;477.898.702;477.898.702;477.898.702;477.898.702;477.883.401;477.883.401;477.883.401;477.883.401;47.788.144;47.788.144;47.788.144;47.788.144;47.788.144;477.879.491; ;
Accuracy;1260;1260;1260;1260;1260;1262;1262;1262;1262;1262;1262;1262;1262;1262;1262;1262;1262;1262;1262;1262;1262;1262;1262;1262;1262;1262;1262;1262;1262;1262;1262;1262;1013;1013;1013;1013;1013;1013;1013;1013;1013;1013;1013;1013;1013;1013;1072;1072;1072;1072;1072;1072;1072;1072;1072;1072;1072;1072;1072;1072;1072;1072;1072;1072;1072;1072;1072;1072;1072;1072;1072;1072;1045;1045;1045;1045;1045;960;960;960;960;960;960;896;896;857;857;857;857;857;857;857;857;857;857;857;857;857;857;857;857;857;857;857;857;896;896;896;896;896;896;896;896;869;869;869;869;869;869;869;869;869;869;869;869;869;869;869;869;869;869;869;869;869;869;869;869;869;869;869;869;869;869;869;869;869;869;869;869;869;869;869;869;869;869;869;869;869;869;869;869;869;869;869;869;869;959;959;959;959;959;959;959;959;959;959;959;959;959;959;959;959;959;959;959;959;959;959;959;959;959;959;959;959;959;959;959;959;959;959;959;959;959;959;959;959;959;959;959;959;959;1121;1121;1121;1121;1121;1121;1121;1121;1121;1286;1286;1286;1262;1262;1262;1066;1066;1066;1066;1066;1066;1066;1066;1066;1066;1066;1066;1066;1066;1066;1260; ;
Speed; null; null; null; null; null; null; null; null; null; null; null; null; null; null; null; null; null; null; null; null; null; null; null; null; null; null; null; null; null; null; null; null; null; null; null; null; null; null; null; null; null; null; null; null; null; null; null; null; null; null; null; null; null; null; null; null; null; null; null; null; null; null; null; null; null; null; null; null; null; null; null; null; null; null; null; null; null; null; null; null; null; null; null; null; null; null; null; null; null; null; null; null; null; null; null; null; null; null; null; null; null; null; null; null; null; null; null; null; null; null; null; null; null; null; null; null; null; null; null; null; null; null; null; null; null; null; null; null; null; null; null; null; null; null; null; null; null; null; null; null; null; null; null; null; null; null; null; null; null; null; null; null; null; null; null; null; null; null; null; null; null; null; null; null; null; null; null; null; null; null; null; null; null; null; null; null; null; null; null; null; null; null; null; null; null; null; null; null; null; null; null; null; null; null; null; null; null; null; null; null; null; null; null; null; null; null; null; null; null; null; null; null; null; null; null; null; null; null; null; null; null; null; null; null; null; null; null; null; null; null; null; null; null; null; null; null; null; null; null; null; null; null; ;
Time; Thu Aug 28 2014 18:16:50 GMT+0200 (CEST); Thu Aug 28 2014 18:16:53 GMT+0200 (CEST); Thu Aug 28 2014 18:16:56 GMT+0200 (CEST); Thu Aug 28 2014 18:16:59 GMT+0200 (CEST); Thu Aug 28 2014 18:17:02 GMT+0200 (CEST); Thu Aug 28 2014 18:17:05 GMT+0200 (CEST); Thu Aug 28 2014 18:17:08 GMT+0200 (CEST); Thu Aug 28 2014 18:17:11 GMT+0200 (CEST); Thu Aug 28 2014 18:17:14 GMT+0200 (CEST); Thu Aug 28 2014 18:17:17 GMT+0200 (CEST); Thu Aug 28 2014 18:17:20 GMT+0200 (CEST); Thu Aug 28 2014 18:17:23 GMT+0200 (CEST); Thu Aug 28 2014 18:17:26 GMT+0200 (CEST); Thu Aug 28 2014 18:17:30 GMT+0200 (CEST); Thu Aug 28 2014 18:17:32 GMT+0200 (CEST); Thu Aug 28 2014 18:17:35 GMT+0200 (CEST); Thu Aug 28 2014 18:17:38 GMT+0200 (CEST); Thu Aug 28 2014 18:17:41 GMT+0200 (CEST); Thu Aug 28 2014 18:17:44 GMT+0200 (CEST); Thu Aug 28 2014 18:17:47 GMT+0200 (CEST); Thu Aug 28 2014 18:17:50 GMT+0200 (CEST); Thu Aug 28 2014 18:17:53 GMT+0200 (CEST); Thu Aug 28 2014 18:17:56 GMT+0200 (CEST); Thu Aug 28 2014 18:17:59 GMT+0200 (CEST); Thu Aug 28 2014 18:18:02 GMT+0200 (CEST); Thu Aug 28 2014 18:18:05 GMT+0200 (CEST); Thu Aug 28 2014 18:18:08 GMT+0200 (CEST); Thu Aug 28 2014 18:18:11 GMT+0200 (CEST); Thu Aug 28 2014 18:18:14 GMT+0200 (CEST); Thu Aug 28 2014 18:18:17 GMT+0200 (CEST); Thu Aug 28 2014 18:18:20 GMT+0200 (CEST); Thu Aug 28 2014 18:18:23 GMT+0200 (CEST); Thu Aug 28 2014 18:18:26 GMT+0200 (CEST); Thu Aug 28 2014 18:18:29 GMT+0200 (CEST); Thu Aug 28 2014 18:18:32 GMT+0200 (CEST); Thu Aug 28 2014 18:18:35 GMT+0200 (CEST); Thu Aug 28 2014 18:18:38 GMT+0200 (CEST); Thu Aug 28 2014 18:18:41 GMT+0200 (CEST); Thu Aug 28 2014 18:18:44 GMT+0200 (CEST); Thu Aug 28 2014 18:18:47 GMT+0200 (CEST); Thu Aug 28 2014 18:18:50 GMT+0200 (CEST); Thu Aug 28 2014 18:18:53 GMT+0200 (CEST); Thu Aug 28 2014 18:18:56 GMT+0200 (CEST); Thu Aug 28 2014 18:18:59 GMT+0200 (CEST); Thu Aug 28 2014 18:19:02 GMT+0200 (CEST); Thu Aug 28 2014 18:19:05 GMT+0200 (CEST); Thu Aug 28 2014 18:19:08 GMT+0200 (CEST); Thu Aug 28 2014 18:19:11 GMT+0200 (CEST); Thu Aug 28 2014 18:19:14 GMT+0200 (CEST); Thu Aug 28 2014 18:19:17 GMT+0200 (CEST); Thu Aug 28 2014 18:19:20 GMT+0200 (CEST); Thu Aug 28 2014 18:19:23 GMT+0200 (CEST); Thu Aug 28 2014 18:19:26 GMT+0200 (CEST); Thu Aug 28 2014 18:19:29 GMT+0200 (CEST); Thu Aug 28 2014 18:19:32 GMT+0200 (CEST); Thu Aug 28 2014 18:19:35 GMT+0200 (CEST); Thu Aug 28 2014 18:19:38 GMT+0200 (CEST); Thu Aug 28 2014 18:19:41 GMT+0200 (CEST); Thu Aug 28 2014 18:19:44 GMT+0200 (CEST); Thu Aug 28 2014 18:19:47 GMT+0200 (CEST); Thu Aug 28 2014 18:19:50 GMT+0200 (CEST); Thu Aug 28 2014 18:19:53 GMT+0200 (CEST); Thu Aug 28 2014 18:19:56 GMT+0200 (CEST); Thu Aug 28 2014 18:19:59 GMT+0200 (CEST); Thu Aug 28 2014 18:20:02 GMT+0200 (CEST); Thu Aug 28 2014 18:20:05 GMT+0200 (CEST); Thu Aug 28 2014 18:20:08 GMT+0200 (CEST); Thu Aug 28 2014 18:20:11 GMT+0200 (CEST); Thu Aug 28 2014 18:20:14 GMT+0200 (CEST); Thu Aug 28 2014 18:20:17 GMT+0200 (CEST); Thu Aug 28 2014 18:20:20 GMT+0200 (CEST); Thu Aug 28 2014 18:20:23 GMT+0200 (CEST); Thu Aug 28 2014 18:20:28 GMT+0200 (CEST); Thu Aug 28 2014 18:20:29 GMT+0200 (CEST); Thu Aug 28 2014 18:20:32 GMT+0200 (CEST); Thu Aug 28 2014 18:20:35 GMT+0200 (CEST); Thu Aug 28 2014 18:20:38 GMT+0200 (CEST); Thu Aug 28 2014 18:20:41 GMT+0200 (CEST); Thu Aug 28 2014 18:20:44 GMT+0200 (CEST); Thu Aug 28 2014 18:20:47 GMT+0200 (CEST); Thu Aug 28 2014 18:20:50 GMT+0200 (CEST); Thu Aug 28 2014 18:20:53 GMT+0200 (CEST); Thu Aug 28 2014 18:20:56 GMT+0200 (CEST); Thu Aug 28 2014 18:20:59 GMT+0200 (CEST); Thu Aug 28 2014 18:21:02 GMT+0200 (CEST); Thu Aug 28 2014 18:21:05 GMT+0200 (CEST); Thu Aug 28 2014 18:21:08 GMT+0200 (CEST); Thu Aug 28 2014 18:21:11 GMT+0200 (CEST); Thu Aug 28 2014 18:21:14 GMT+0200 (CEST); Thu Aug 28 2014 18:21:17 GMT+0200 (CEST); Thu Aug 28 2014 18:21:20 GMT+0200 (CEST); Thu Aug 28 2014 18:21:23 GMT+0200 (CEST); Thu Aug 28 2014 18:21:26 GMT+0200 (CEST); Thu Aug 28 2014 18:21:29 GMT+0200 (CEST); Thu Aug 28 2014 18:21:32 GMT+0200 (CEST); Thu Aug 28 2014 18:21:35 GMT+0200 (CEST); Thu Aug 28 2014 18:21:38 GMT+0200 (CEST); Thu Aug 28 2014 18:21:41 GMT+0200 (CEST); Thu Aug 28 2014 18:21:44 GMT+0200 (CEST); Thu Aug 28 2014 18:21:47 GMT+0200 (CEST); Thu Aug 28 2014 18:21:50 GMT+0200 (CEST); Thu Aug 28 2014 18:21:53 GMT+0200 (CEST); Thu Aug 28 2014 18:21:56 GMT+0200 (CEST); Thu Aug 28 2014 18:21:59 GMT+0200 (CEST); Thu Aug 28 2014 18:22:02 GMT+0200 (CEST); Thu Aug 28 2014 18:22:05 GMT+0200 (CEST); Thu Aug 28 2014 18:22:08 GMT+0200 (CEST); Thu Aug 28 2014 18:22:11 GMT+0200 (CEST); Thu Aug 28 2014 18:22:14 GMT+0200 (CEST); Thu Aug 28 2014 18:22:17 GMT+0200 (CEST); Thu Aug 28 2014 18:22:20 GMT+0200 (CEST); Thu Aug 28 2014 18:22:23 GMT+0200 (CEST); Thu Aug 28 2014 18:22:26 GMT+0200 (CEST); Thu Aug 28 2014 18:22:29 GMT+0200 (CEST); Thu Aug 28 2014 18:22:32 GMT+0200 (CEST); Thu Aug 28 2014 18:22:35 GMT+0200 (CEST); Thu Aug 28 2014 18:22:38 GMT+0200 (CEST); Thu Aug 28 2014 18:22:41 GMT+0200 (CEST); Thu Aug 28 2014 18:22:44 GMT+0200 (CEST); Thu Aug 28 2014 18:22:47 GMT+0200 (CEST); Thu Aug 28 2014 18:22:50 GMT+0200 (CEST); Thu Aug 28 2014 18:22:53 GMT+0200 (CEST); Thu Aug 28 2014 18:22:56 GMT+0200 (CEST); Thu Aug 28 2014 18:22:59 GMT+0200 (CEST); Thu Aug 28 2014 18:23:02 GMT+0200 (CEST); Thu Aug 28 2014 18:23:05 GMT+0200 (CEST); Thu Aug 28 2014 18:23:08 GMT+0200 (CEST); Thu Aug 28 2014 18:23:11 GMT+0200 (CEST); Thu Aug 28 2014 18:23:14 GMT+0200 (CEST); Thu Aug 28 2014 18:23:17 GMT+0200 (CEST); Thu Aug 28 2014 18:23:20 GMT+0200 (CEST); Thu Aug 28 2014 18:23:23 GMT+0200 (CEST); Thu Aug 28 2014 18:23:26 GMT+0200 (CEST); Thu Aug 28 2014 18:23:29 GMT+0200 (CEST); Thu Aug 28 2014 18:23:32 GMT+0200 (CEST); Thu Aug 28 2014 18:23:35 GMT+0200 (CEST); Thu Aug 28 2014 18:23:38 GMT+0200 (CEST); Thu Aug 28 2014 18:23:41 GMT+0200 (CEST); Thu Aug 28 2014 18:23:44 GMT+0200 (CEST); Thu Aug 28 2014 18:23:47 GMT+0200 (CEST); Thu Aug 28 2014 18:23:50 GMT+0200 (CEST); Thu Aug 28 2014 18:23:53 GMT+0200 (CEST); Thu Aug 28 2014 18:23:56 GMT+0200 (CEST); Thu Aug 28 2014 18:23:59 GMT+0200 (CEST); Thu Aug 28 2014 18:24:02 GMT+0200 (CEST); Thu Aug 28 2014 18:24:05 GMT+0200 (CEST); Thu Aug 28 2014 18:24:08 GMT+0200 (CEST); Thu Aug 28 2014 18:24:11 GMT+0200 (CEST); Thu Aug 28 2014 18:24:14 GMT+0200 (CEST); Thu Aug 28 2014 18:24:17 GMT+0200 (CEST); Thu Aug 28 2014 18:24:20 GMT+0200 (CEST); Thu Aug 28 2014 18:24:23 GMT+0200 (CEST); Thu Aug 28 2014 18:24:26 GMT+0200 (CEST); Thu Aug 28 2014 18:24:29 GMT+0200 (CEST); Thu Aug 28 2014 18:24:32 GMT+0200 (CEST); Thu Aug 28 2014 18:24:35 GMT+0200 (CEST); Thu Aug 28 2014 18:24:38 GMT+0200 (CEST); Thu Aug 28 2014 18:24:41 GMT+0200 (CEST); Thu Aug 28 2014 18:24:44 GMT+0200 (CEST); Thu Aug 28 2014 18:24:47 GMT+0200 (CEST); Thu Aug 28 2014 18:24:50 GMT+0200 (CEST); Thu Aug 28 2014 18:24:53 GMT+0200 (CEST); Thu Aug 28 2014 18:24:56 GMT+0200 (CEST); Thu Aug 28 2014 18:24:59 GMT+0200 (CEST); Thu Aug 28 2014 18:25:02 GMT+0200 (CEST); Thu Aug 28 2014 18:25:05 GMT+0200 (CEST); Thu Aug 28 2014 18:25:08 GMT+0200 (CEST); Thu Aug 28 2014 18:25:11 GMT+0200 (CEST); Thu Aug 28 2014 18:25:14 GMT+0200 (CEST); Thu Aug 28 2014 18:25:17 GMT+0200 (CEST); Thu Aug 28 2014 18:25:20 GMT+0200 (CEST); Thu Aug 28 2014 18:25:23 GMT+0200 (CEST); Thu Aug 28 2014 18:25:26 GMT+0200 (CEST); Thu Aug 28 2014 18:25:29 GMT+0200 (CEST); Thu Aug 28 2014 18:25:32 GMT+0200 (CEST); Thu Aug 28 2014 18:25:35 GMT+0200 (CEST); Thu Aug 28 2014 18:25:38 GMT+0200 (CEST); Thu Aug 28 2014 18:25:41 GMT+0200 (CEST); Thu Aug 28 2014 18:25:44 GMT+0200 (CEST); Thu Aug 28 2014 18:25:47 GMT+0200 (CEST); Thu Aug 28 2014 18:25:50 GMT+0200 (CEST); Thu Aug 28 2014 18:25:53 GMT+0200 (CEST); Thu Aug 28 2014 18:25:56 GMT+0200 (CEST); Thu Aug 28 2014 18:25:59 GMT+0200 (CEST); Thu Aug 28 2014 18:26:02 GMT+0200 (CEST); Thu Aug 28 2014 18:26:05 GMT+0200 (CEST); Thu Aug 28 2014 18:26:08 GMT+0200 (CEST); Thu Aug 28 2014 18:26:11 GMT+0200 (CEST); Thu Aug 28 2014 18:26:14 GMT+0200 (CEST); Thu Aug 28 2014 18:26:17 GMT+0200 (CEST); Thu Aug 28 2014 18:26:20 GMT+0200 (CEST); Thu Aug 28 2014 18:26:23 GMT+0200 (CEST); Thu Aug 28 2014 18:26:26 GMT+0200 (CEST); Thu Aug 28 2014 18:26:29 GMT+0200 (CEST); Thu Aug 28 2014 18:26:32 GMT+0200 (CEST); Thu Aug 28 2014 18:26:35 GMT+0200 (CEST); Thu Aug 28 2014 18:26:38 GMT+0200 (CEST); Thu Aug 28 2014 18:26:41 GMT+0200 (CEST); Thu Aug 28 2014 18:26:44 GMT+0200 (CEST); Thu Aug 28 2014 18:26:47 GMT+0200 (CEST); Thu Aug 28 2014 18:26:50 GMT+0200 (CEST); Thu Aug 28 2014 18:26:53 GMT+0200 (CEST); Thu Aug 28 2014 18:26:56 GMT+0200 (CEST); Thu Aug 28 2014 18:26:59 GMT+0200 (CEST); Thu Aug 28 2014 18:27:02 GMT+0200 (CEST); Thu Aug 28 2014 18:27:05 GMT+0200 (CEST); Thu Aug 28 2014 18:27:08 GMT+0200 (CEST); Thu Aug 28 2014 18:27:11 GMT+0200 (CEST); Thu Aug 28 2014 18:27:14 GMT+0200 (CEST); Thu Aug 28 2014 18:27:17 GMT+0200 (CEST); Thu Aug 28 2014 18:27:20 GMT+0200 (CEST); Thu Aug 28 2014 18:27:23 GMT+0200 (CEST); Thu Aug 28 2014 18:27:26 GMT+0200 (CEST); Thu Aug 28 2014 18:27:29 GMT+0200 (CEST); Thu Aug 28 2014 18:27:32 GMT+0200 (CEST); Thu Aug 28 2014 18:27:35 GMT+0200 (CEST); Thu Aug 28 2014 18:27:38 GMT+0200 (CEST); Thu Aug 28 2014 18:27:41 GMT+0200 (CEST); Thu Aug 28 2014 18:27:44 GMT+0200 (CEST); Thu Aug 28 2014 18:27:47 GMT+0200 (CEST); Thu Aug 28 2014 18:27:50 GMT+0200 (CEST); Thu Aug 28 2014 18:27:53 GMT+0200 (CEST); Thu Aug 28 2014 18:27:56 GMT+0200 (CEST); Thu Aug 28 2014 18:27:59 GMT+0200 (CEST); Thu Aug 28 2014 18:28:02 GMT+0200 (CEST); Thu Aug 28 2014 18:28:05 GMT+0200 (CEST); Thu Aug 28 2014 18:28:08 GMT+0200 (CEST); Thu Aug 28 2014 18:28:11 GMT+0200 (CEST); Thu Aug 28 2014 18:28:14 GMT+0200 (CEST); Thu Aug 28 2014 18:28:17 GMT+0200 (CEST); Thu Aug 28 2014 18:28:20 GMT+0200 (CEST); Thu Aug 28 2014 18:28:23 GMT+0200 (CEST); Thu Aug 28 2014 18:28:26 GMT+0200 (CEST); Thu Aug 28 2014 18:28:29 GMT+0200 (CEST); Thu Aug 28 2014 18:28:32 GMT+0200 (CEST); Thu Aug 28 2014 18:28:35 GMT+0200 (CEST); Thu Aug 28 2014 18:28:38 GMT+0200 (CEST); Thu Aug 28 2014 18:28:41 GMT+0200 (CEST); Thu Aug 28 2014 18:28:44 GMT+0200 (CEST); Thu Aug 28 2014 18:28:47 GMT+0200 (CEST); Thu Aug 28 2014 18:28:50 GMT+0200 (CEST); Thu Aug 28 2014 18:28:53 GMT+0200 (CEST); ;
;;;;;;;;;;;;;;;;;;;;;;;;;;;;;;;;;;;;;;;;;;;;;;;;;;;;;;;;;;;;;;;;;;;;;;;;;;;;;;;;;;;;;;;;;;;;;;;;;;;;;;;;;;;;;;;;;;;;;;;;;;;;;;;;;;;;;;;;;;;;;;;;;;;;;;;;;;;;;;;;;;;;;;;;;;;;;;;;;;;;;;;;;;;;;;;;;;;;;;;;;;;;;;;;;;;;;;;;;;;;;;;;;;;;;;;;;;;;;;;;;;;;
Maximal;1974;;;;;;;;;;;;;;;;;;;;;;;;;;;;;;;;;;;;;;;;;;;;;;;;;;;;;;;;;;;;;;;;;;;;;;;;;;;;;;;;;;;;;;;;;;;;;;;;;;;;;;;;;;;;;;;;;;;;;;;;;;;;;;;;;;;;;;;;;;;;;;;;;;;;;;;;;;;;;;;;;;;;;;;;;;;;;;;;;;;;;;;;;;;;;;;;;;;;;;;;;;;;;;;;;;;;;;;;;;;;;;;;;;;;;;;;;;;;;;;;;;;
Minimal;757;;;;;;;;;;;;;;;;;;;;;;;;;;;;;;;;;;;;;;;;;;;;;;;;;;;;;;;;;;;;;;;;;;;;;;;;;;;;;;;;;;;;;;;;;;;;;;;;;;;;;;;;;;;;;;;;;;;;;;;;;;;;;;;;;;;;;;;;;;;;;;;;;;;;;;;;;;;;;;;;;;;;;;;;;;;;;;;;;;;;;;;;;;;;;;;;;;;;;;;;;;;;;;;;;;;;;;;;;;;;;;;;;;;;;;;;;;;;;;;;;;;
Durchschnitt;1067;;;;;;;;;;;;;;;;;;;;;;;;;;;;;;;;;;;;;;;;;;;;;;;;;;;;;;;;;;;;;;;;;;;;;;;;;;;;;;;;;;;;;;;;;;;;;;;;;;;;;;;;;;;;;;;;;;;;;;;;;;;;;;;;;;;;;;;;;;;;;;;;;;;;;;;;;;;;;;;;;;;;;;;;;;;;;;;;;;;;;;;;;;;;;;;;;;;;;;;;;;;;;;;;;;;;;;;;;;;;;;;;;;;;;;;;;;;;;;;;;;;
