Fahrt 1;;;;;;;;;;;;;;;;;;;;;;;;;;;;;;;;;;;;;;;;;;;;;;;;;;;;;;;;;;;;;;;;;;;;;;;;;;;;;;;;;;;;;;;;;;;;;;;;;;;;;;;;;;;;;;;;;;;;;;;;;;;;;;;;;;;;;;;;;;;;;;;;;;;;;;;;;;;;;;;;;;;;;;;;;;;;;;;;;;;;;;;;;;;;;;;;;;;;;;;;;;;;;;;;;;;;;;;;;;;;;;;;;;;;;;;;;;;;;;;;;;;;;;;;;;;;;;;;;;;;;;;;;;;;;;;;;;;;;;;;;;;;;;;;;;;;;;;;;;;;;;;;;;;;;;;;;;;;;;;;;;;;;
Max RPM;6000;6000;6000;6000;6000;6000;6000;6000;6000;6000;6000;6000;6000;6000;6000;6000;6000;6000;6000;6000;6000;6000;6000;6000;6000;6000;6000;6000;6000;6000;6000;6000;6000;6000;6000;6000;6000;6000;6000;6000;6000;6000;6000;6000;6000;6000;6000;6000;6000;6000;6000;6000;6000;6000;6000;6000;6000;6000;6000;6000;6000;6000;6000;6000;6000;6000;6000;6000;6000;6000;6000;6000;6000;6000;6000;6000;6000;6000;6000;6000;6000;6000;6000;6000;6000;6000;6000;6000;6000;6000;6000;6000;6000;6000;6000;6000;6000;6000;6000;6000;6000;6000;6000;6000;6000;6000;6000;6000;6000;6000;6000;6000;6000;6000;6000;6000;6000;6000;6000;6000;6000;6000;6000;6000;6000;6000;6000;6000;6000;6000;6000;6000;6000;6000;6000;6000;6000;6000;6000;6000;6000;6000;6000;6000;6000;6000;6000;6000;6000;6000;6000;6000;6000;6000;6000;6000;6000;6000;6000;6000;6000;6000;6000;6000;6000;6000;6000;6000;6000;6000;6000;6000;6000;6000;6000;6000;6000;6000;6000;6000;6000;6000;6000;6000;6000;6000;6000;6000;6000;6000;6000;6000;6000;6000;6000;6000;6000;6000;6000;6000;6000;6000;6000;6000;6000;6000;6000;6000;6000;6000;6000;6000;6000;6000;6000;6000;6000;6000;6000;6000;6000;6000;6000;;;;;; ;;;;;;;;;;;;;;;;;;;;;;;;;;;;;;;;;;;;;;;;;;;;;;;;;;;;;;;;;;;;;;;;;;;;;;;;;;;;;;;;;;;;;;;;;;;;;;;;
RPM;782;786;788;779;783;785;776;779;779;781;790;772;771;792;1027;2846;2573;1529;2299;2330;2084;2039;2001;2088;2073;1737;1126;808;732;771;662;2087;2370;1936;2137;2130;1949;1219;829;741;755;768;777;789;2508;2241;3049;2227;2327;2438;2379;2117;1996;2007;1567;1047;833;737;758;774;782;790;786;1525;1485;1660;1963;1786;2021;1663;2149;2302;2383;2288;2112;2080;2179;2222;2222;2204;2225;2255;2293;2194;1971;1592;1826;2285;2259;2043;1212;831;772;766;746;2951;2402;1634;2575;1854;2492;2831;2103;1962;1687;1331;1181;785;782;764;772;756;788;808;705;768;772;815;772;778;786;780;774;778;781;774;780;968;2590;1952;943;811;768;777;788;1597;1574;914;785;789;787;783;779;781;787;778;788;782;1253;934;1293;1403;2336;2018;1053;808;2514;2029;1504;883;774;772;767;777;784;785;775;772;781;778;774;772;784;777;777;772;1199;2033;2044;1312;1566;2651;2090;2292;2492;2054;2049;2108;2128;2105;2096;2040;2052;2083;2073;2080;2133;2197;2144;2101;1915;1736;1888;1901;1786;1891;1796;1902;2002;2051;1961;1794;1603;1352;1379;1465;1638;1757;1779;1727;1282;850;784;;;;;; ;;;;;;;;;;;;;;;;;;;;;;;;;;;;;;;;;;;;;;;;;;;;;;;;;;;;;;;;;;;;;;;;;;;;;;;;;;;;;;;;;;;;;;;;;;;;;;;;
Longitude;130.620.099;130.620.099;130.622.253;130.626.077;130.626.077;130.626.077;130.624.802;130.624.802;130.624.802;130.624.802;130.624.802;130.626.077;130.626.077;130.627.351;130.626.077;130.626.077;130.624.802;130.624.802;130.624.802;130.624.802;130.624.802;130.626.077;130.626.077;130.626.077;130.622.253;130.622.253;130.622.253;130.622.253;130.622.253;130.622.253;130.624.219;130.624.219;130.624.219;130.624.219;130.624.219;130.624.219;130.588.678;130.588.678;130.588.678;130.554.083;130.554.083;130.554.083;130.554.083;130.554.083;130.554.083;130.554.083;130.518.033;130.517.888;130.517.888;130.526.963;130.526.963;130.526.963;13.052.484;13.052.484;13.052.484;13.052.484;13.052.484;130.526.963;130.526.963;130.531.646;130.531.646;130.531.646;130.518.469;130.518.469;130.518.469;130.518.469;130.518.469;130.518.469;130.518.469;130.518.469;130.518.469;130.518.469;130.518.469;130.502.711;130.502.711;130.502.711;130.502.711;130.502.711;130.502.711;130.502.711;130.502.711;130.502.711;130.502.711;130.486.952;130.485.474;130.485.474;130.485.474;130.485.474;130.485.474;130.486.961;130.486.961;130.486.961;130.504.144;130.504.144;130.509.874;130.504.889;130.504.889;130.504.889;130.511.854;130.511.854;130.511.854;130.511.854;130.522.813;130.522.813;130.522.813;130.489.935;130.489.935;130.489.935;130.489.935;130.489.935;130.489.935;130.512.614;130.512.614;130.512.614;130.521.032;130.521.032;130.521.032;130.523.976;130.523.976;130.523.976;130.523.976;130.535.323;130.535.323;130.535.323;130.535.337;130.535.337;130.535.337;130.532.808;130.532.808;130.532.808;130.532.808;130.532.808;130.532.808;130.532.808;130.532.808;130.532.808;130.532.808;130.532.808;130.532.808;130.532.808;130.532.808;130.532.808;130.534.051;130.534.051;130.534.051;130.534.051;130.534.051;130.534.051;130.534.051;130.534.051;130.534.051;130.534.051;130.535.295;130.535.295;130.535.295;130.535.295;130.535.295;130.535.295;130.535.295;130.535.295;130.535.295;130.535.295;130.535.295;130.535.295;130.535.295;130.535.295;130.535.295;130.535.295;130.535.295;130.535.295;130.535.295;130.535.295;130.535.295;130.535.295;130.535.295;130.535.295;130.535.295;130.535.295;130.535.295;130.535.295;130.535.295;130.535.295;130.535.295;130.535.295;130.535.295;130.535.295;13.054.387;13.054.387;13.054.387;13.054.387;13.054.387;13.054.387;130.560.956;130.560.956;130.560.956;130.560.956;130.573.787;130.573.787;130.573.787;130.606.183;130.606.183;130.606.183;130.606.183;130.606.183;130.606.183;130.606.183;130.606.183;130.606.183;130.606.183;130.617.774;130.629.437;130.629.437;130.629.437;130.629.437;130.629.437;130.629.437;130.629.437;130.629.437;130.629.437;1.306.299;1.306.299;1.306.299;1.306.299;;;;;; ;;;;;;;;;;;;;;;;;;;;;;;;;;;;;;;;;;;;;;;;;;;;;;;;;;;;;;;;;;;;;;;;;;;;;;;;;;;;;;;;;;;;;;;;;;;;;;;;
Latitude;477.883.407;477.883.407;477.887.324;477.885.356;477.885.356;477.885.356;477.886.012;477.886.012;477.886.012;477.886.012;477.886.012;477.885.356;477.885.356;4.778.847;477.885.356;477.885.356;477.886.012;477.886.012;477.886.012;477.886.012;477.886.012;477.885.356;477.885.356;477.885.356;477.887.324;477.887.324;477.887.324;477.887.324;477.887.324;477.887.324;47.785.982;47.785.982;47.785.982;47.785.982;47.785.982;47.785.982;477.857.025;477.857.025;477.857.025;477.844.883;477.844.883;477.844.883;477.844.883;477.844.883;477.844.883;477.844.883;477.851.167;477.851.257;477.851.257;477.874.934;477.874.934;477.874.934;477.868.925;477.868.925;477.868.925;477.868.925;477.868.925;477.874.934;477.874.934;477.886.683;477.886.683;477.886.683;477.850.897;477.850.897;477.850.897;477.850.897;477.850.897;477.850.897;477.850.897;477.850.897;477.850.897;477.850.897;477.850.897;477.871.931;477.871.931;477.871.931;477.871.931;477.871.931;477.871.931;477.871.931;477.871.931;477.871.931;477.871.931;477.892.965;477.907.077;477.907.077;477.907.077;477.907.077;477.907.077;477.913.299;477.913.299;477.913.299;477.917.314;477.917.314;47.792.543;477.925.508;477.925.508;477.925.508;477.926.948;477.926.948;477.926.948;477.926.948;477.927.551;477.927.551;477.927.551;477.925.743;477.925.743;477.925.743;477.925.743;477.925.743;477.925.743;477.947.616;477.947.616;477.947.616;477.955.295;477.955.295;477.955.295;477.959.799;477.959.799;477.959.799;477.959.799;477.971.152;477.971.152;477.971.152;477.971.983;477.971.983;477.971.983;477.973.312;477.973.312;477.973.312;477.973.312;477.973.312;477.973.312;477.973.312;477.973.312;477.973.312;477.973.312;477.973.312;477.973.312;477.973.312;477.973.312;477.973.312;477.971.401;477.971.401;477.971.401;477.971.401;477.971.401;477.971.401;477.971.401;477.971.401;477.971.401;477.971.401;47.796.949;47.796.949;47.796.949;47.796.949;47.796.949;47.796.949;47.796.949;47.796.949;47.796.949;47.796.949;47.796.949;47.796.949;47.796.949;47.796.949;47.796.949;47.796.949;47.796.949;47.796.949;47.796.949;47.796.949;47.796.949;47.796.949;47.796.949;47.796.949;47.796.949;47.796.949;47.796.949;47.796.949;47.796.949;47.796.949;47.796.949;47.796.949;47.796.949;47.796.949;477.964.288;477.964.288;477.964.288;477.964.288;477.964.288;477.964.288;477.954.729;477.954.729;477.954.729;477.954.729;47.794.735;47.794.735;47.794.735;477.931.253;477.931.253;477.931.253;477.931.253;477.931.253;477.931.253;477.931.253;477.931.253;477.931.253;477.931.253;477.913.845;477.904.147;477.904.147;477.904.147;477.904.147;477.904.147;477.904.147;477.904.147;477.904.147;477.904.147;477.883.389;477.883.389;477.883.389;477.883.389;;;;;; ;;;;;;;;;;;;;;;;;;;;;;;;;;;;;;;;;;;;;;;;;;;;;;;;;;;;;;;;;;;;;;;;;;;;;;;;;;;;;;;;;;;;;;;;;;;;;;;;
Accuracy;1260;1260;1262;1066;1066;1066;1066;1066;1066;1066;1066;1066;1066;1066;1066;1066;1066;1066;1066;1066;1066;1066;1066;1066;1262;1262;1262;1262;1262;1262;1013;1013;1013;1013;1013;1013;1013;1013;1013;1013;1013;1013;1013;1013;1013;1013;1072;1072;1072;957;957;957;957;957;957;957;957;957;957;957;957;957;1140;1140;1140;1140;1140;1140;1140;1140;1140;1140;1140;960;960;960;960;960;960;960;960;960;960;960;896;896;896;896;896;857;857;857;857;857;857;857;857;857;857;857;857;857;857;857;857;857;857;857;857;857;857;857;857;857;857;857;857;857;857;857;857;869;869;869;869;869;869;869;869;869;869;869;869;869;869;869;869;869;869;869;869;869;869;869;869;869;869;869;869;869;869;869;959;959;959;959;959;959;959;959;959;959;959;959;959;959;959;959;959;959;959;959;959;959;959;959;959;959;959;959;959;959;959;959;959;959;959;959;959;959;959;959;959;959;959;959;1121;1121;1121;1027;1027;1027;1027;1027;1027;1027;1027;1027;1027;1027;1027;1027;1027;1027;1027;1027;1027;1027;1027;1066;1066;1066;1066;;;;;; ;;;;;;;;;;;;;;;;;;;;;;;;;;;;;;;;;;;;;;;;;;;;;;;;;;;;;;;;;;;;;;;;;;;;;;;;;;;;;;;;;;;;;;;;;;;;;;;;
Speed; null; null; null; null; null; null; null; null; null; null; null; null; null; null; null; null; null; null; null; null; null; null; null; null; null; null; null; null; null; null; null; null; null; null; null; null; null; null; null; null; null; null; null; null; null; null; null; null; null; null; null; null; null; null; null; null; null; null; null; null; null; null; null; null; null; null; null; null; null; null; null; null; null; null; null; null; null; null; null; null; null; null; null; null; null; null; null; null; null; null; null; null; null; null; null; null; null; null; null; null; null; null; null; null; null; null; null; null; null; null; null; null; null; null; null; null; null; null; null; null; null; null; null; null; null; null; null; null; null; null; null; null; null; null; null; null; null; null; null; null; null; null; null; null; null; null; null; null; null; null; null; null; null; null; null; null; null; null; null; null; null; null; null; null; null; null; null; null; null; null; null; null; null; null; null; null; null; null; null; null; null; null; null; null; null; null; null; null; null; null; null; null; null; null; null; null; null; null; null; null; null; null; null; null; null; null; null; null; null; null; null; null; null; null; null; null; null; null; null; null; null; null; null;;;;;; ;;;;;;;;;;;;;;;;;;;;;;;;;;;;;;;;;;;;;;;;;;;;;;;;;;;;;;;;;;;;;;;;;;;;;;;;;;;;;;;;;;;;;;;;;;;;;;;;
Time; Thu Aug 28 2014 16:35:33 GMT+0200 (CEST); Thu Aug 28 2014 16:35:36 GMT+0200 (CEST); Thu Aug 28 2014 16:35:39 GMT+0200 (CEST); Thu Aug 28 2014 16:35:43 GMT+0200 (CEST); Thu Aug 28 2014 16:35:45 GMT+0200 (CEST); Thu Aug 28 2014 16:35:48 GMT+0200 (CEST); Thu Aug 28 2014 16:35:51 GMT+0200 (CEST); Thu Aug 28 2014 16:35:54 GMT+0200 (CEST); Thu Aug 28 2014 16:35:57 GMT+0200 (CEST); Thu Aug 28 2014 16:36:00 GMT+0200 (CEST); Thu Aug 28 2014 16:36:03 GMT+0200 (CEST); Thu Aug 28 2014 16:36:06 GMT+0200 (CEST); Thu Aug 28 2014 16:36:09 GMT+0200 (CEST); Thu Aug 28 2014 16:36:12 GMT+0200 (CEST); Thu Aug 28 2014 16:36:15 GMT+0200 (CEST); Thu Aug 28 2014 16:36:18 GMT+0200 (CEST); Thu Aug 28 2014 16:36:21 GMT+0200 (CEST); Thu Aug 28 2014 16:36:24 GMT+0200 (CEST); Thu Aug 28 2014 16:36:27 GMT+0200 (CEST); Thu Aug 28 2014 16:36:30 GMT+0200 (CEST); Thu Aug 28 2014 16:36:33 GMT+0200 (CEST); Thu Aug 28 2014 16:36:36 GMT+0200 (CEST); Thu Aug 28 2014 16:36:39 GMT+0200 (CEST); Thu Aug 28 2014 16:36:42 GMT+0200 (CEST); Thu Aug 28 2014 16:36:45 GMT+0200 (CEST); Thu Aug 28 2014 16:36:48 GMT+0200 (CEST); Thu Aug 28 2014 16:36:51 GMT+0200 (CEST); Thu Aug 28 2014 16:36:54 GMT+0200 (CEST); Thu Aug 28 2014 16:36:57 GMT+0200 (CEST); Thu Aug 28 2014 16:37:00 GMT+0200 (CEST); Thu Aug 28 2014 16:37:04 GMT+0200 (CEST); Thu Aug 28 2014 16:37:06 GMT+0200 (CEST); Thu Aug 28 2014 16:37:09 GMT+0200 (CEST); Thu Aug 28 2014 16:37:12 GMT+0200 (CEST); Thu Aug 28 2014 16:37:15 GMT+0200 (CEST); Thu Aug 28 2014 16:37:18 GMT+0200 (CEST); Thu Aug 28 2014 16:37:22 GMT+0200 (CEST); Thu Aug 28 2014 16:37:24 GMT+0200 (CEST); Thu Aug 28 2014 16:37:27 GMT+0200 (CEST); Thu Aug 28 2014 16:37:31 GMT+0200 (CEST); Thu Aug 28 2014 16:37:33 GMT+0200 (CEST); Thu Aug 28 2014 16:37:36 GMT+0200 (CEST); Thu Aug 28 2014 16:37:39 GMT+0200 (CEST); Thu Aug 28 2014 16:37:42 GMT+0200 (CEST); Thu Aug 28 2014 16:37:45 GMT+0200 (CEST); Thu Aug 28 2014 16:37:48 GMT+0200 (CEST); Thu Aug 28 2014 16:37:51 GMT+0200 (CEST); Thu Aug 28 2014 16:37:54 GMT+0200 (CEST); Thu Aug 28 2014 16:37:57 GMT+0200 (CEST); Thu Aug 28 2014 16:38:02 GMT+0200 (CEST); Thu Aug 28 2014 16:38:03 GMT+0200 (CEST); Thu Aug 28 2014 16:38:06 GMT+0200 (CEST); Thu Aug 28 2014 16:38:09 GMT+0200 (CEST); Thu Aug 28 2014 16:38:12 GMT+0200 (CEST); Thu Aug 28 2014 16:38:15 GMT+0200 (CEST); Thu Aug 28 2014 16:38:18 GMT+0200 (CEST); Thu Aug 28 2014 16:38:21 GMT+0200 (CEST); Thu Aug 28 2014 16:38:24 GMT+0200 (CEST); Thu Aug 28 2014 16:38:27 GMT+0200 (CEST); Thu Aug 28 2014 16:38:30 GMT+0200 (CEST); Thu Aug 28 2014 16:38:33 GMT+0200 (CEST); Thu Aug 28 2014 16:38:36 GMT+0200 (CEST); Thu Aug 28 2014 16:38:39 GMT+0200 (CEST); Thu Aug 28 2014 16:38:42 GMT+0200 (CEST); Thu Aug 28 2014 16:38:45 GMT+0200 (CEST); Thu Aug 28 2014 16:38:48 GMT+0200 (CEST); Thu Aug 28 2014 16:38:51 GMT+0200 (CEST); Thu Aug 28 2014 16:38:54 GMT+0200 (CEST); Thu Aug 28 2014 16:38:57 GMT+0200 (CEST); Thu Aug 28 2014 16:39:00 GMT+0200 (CEST); Thu Aug 28 2014 16:39:03 GMT+0200 (CEST); Thu Aug 28 2014 16:39:06 GMT+0200 (CEST); Thu Aug 28 2014 16:39:09 GMT+0200 (CEST); Thu Aug 28 2014 16:39:16 GMT+0200 (CEST); Thu Aug 28 2014 16:39:16 GMT+0200 (CEST); Thu Aug 28 2014 16:39:18 GMT+0200 (CEST); Thu Aug 28 2014 16:39:21 GMT+0200 (CEST); Thu Aug 28 2014 16:39:24 GMT+0200 (CEST); Thu Aug 28 2014 16:39:27 GMT+0200 (CEST); Thu Aug 28 2014 16:39:30 GMT+0200 (CEST); Thu Aug 28 2014 16:39:33 GMT+0200 (CEST); Thu Aug 28 2014 16:39:36 GMT+0200 (CEST); Thu Aug 28 2014 16:39:39 GMT+0200 (CEST); Thu Aug 28 2014 16:39:42 GMT+0200 (CEST); Thu Aug 28 2014 16:39:46 GMT+0200 (CEST); Thu Aug 28 2014 16:39:48 GMT+0200 (CEST); Thu Aug 28 2014 16:39:51 GMT+0200 (CEST); Thu Aug 28 2014 16:39:54 GMT+0200 (CEST); Thu Aug 28 2014 16:39:57 GMT+0200 (CEST); Thu Aug 28 2014 16:40:01 GMT+0200 (CEST); Thu Aug 28 2014 16:40:03 GMT+0200 (CEST); Thu Aug 28 2014 16:40:06 GMT+0200 (CEST); Thu Aug 28 2014 16:40:10 GMT+0200 (CEST); Thu Aug 28 2014 16:40:12 GMT+0200 (CEST); Thu Aug 28 2014 16:40:15 GMT+0200 (CEST); Thu Aug 28 2014 16:40:18 GMT+0200 (CEST); Thu Aug 28 2014 16:40:21 GMT+0200 (CEST); Thu Aug 28 2014 16:40:24 GMT+0200 (CEST); Thu Aug 28 2014 16:40:27 GMT+0200 (CEST); Thu Aug 28 2014 16:40:30 GMT+0200 (CEST); Thu Aug 28 2014 16:40:33 GMT+0200 (CEST); Thu Aug 28 2014 16:40:36 GMT+0200 (CEST); Thu Aug 28 2014 16:40:39 GMT+0200 (CEST); Thu Aug 28 2014 16:40:42 GMT+0200 (CEST); Thu Aug 28 2014 16:40:45 GMT+0200 (CEST); Thu Aug 28 2014 16:40:48 GMT+0200 (CEST); Thu Aug 28 2014 16:40:51 GMT+0200 (CEST); Thu Aug 28 2014 16:40:54 GMT+0200 (CEST); Thu Aug 28 2014 16:40:57 GMT+0200 (CEST); Thu Aug 28 2014 16:41:00 GMT+0200 (CEST); Thu Aug 28 2014 16:41:03 GMT+0200 (CEST); Thu Aug 28 2014 16:41:07 GMT+0200 (CEST); Thu Aug 28 2014 16:41:09 GMT+0200 (CEST); Thu Aug 28 2014 16:41:12 GMT+0200 (CEST); Thu Aug 28 2014 16:41:16 GMT+0200 (CEST); Thu Aug 28 2014 16:41:18 GMT+0200 (CEST); Thu Aug 28 2014 16:41:21 GMT+0200 (CEST); Thu Aug 28 2014 16:41:25 GMT+0200 (CEST); Thu Aug 28 2014 16:41:27 GMT+0200 (CEST); Thu Aug 28 2014 16:41:30 GMT+0200 (CEST); Thu Aug 28 2014 16:41:33 GMT+0200 (CEST); Thu Aug 28 2014 16:41:36 GMT+0200 (CEST); Thu Aug 28 2014 16:41:39 GMT+0200 (CEST); Thu Aug 28 2014 16:41:42 GMT+0200 (CEST); Thu Aug 28 2014 16:41:45 GMT+0200 (CEST); Thu Aug 28 2014 16:41:48 GMT+0200 (CEST); Thu Aug 28 2014 16:41:51 GMT+0200 (CEST); Thu Aug 28 2014 16:41:54 GMT+0200 (CEST); Thu Aug 28 2014 16:41:57 GMT+0200 (CEST); Thu Aug 28 2014 16:42:00 GMT+0200 (CEST); Thu Aug 28 2014 16:42:03 GMT+0200 (CEST); Thu Aug 28 2014 16:42:06 GMT+0200 (CEST); Thu Aug 28 2014 16:42:09 GMT+0200 (CEST); Thu Aug 28 2014 16:42:12 GMT+0200 (CEST); Thu Aug 28 2014 16:42:15 GMT+0200 (CEST); Thu Aug 28 2014 16:42:18 GMT+0200 (CEST); Thu Aug 28 2014 16:42:21 GMT+0200 (CEST); Thu Aug 28 2014 16:42:24 GMT+0200 (CEST); Thu Aug 28 2014 16:42:27 GMT+0200 (CEST); Thu Aug 28 2014 16:42:30 GMT+0200 (CEST); Thu Aug 28 2014 16:42:33 GMT+0200 (CEST); Thu Aug 28 2014 16:42:36 GMT+0200 (CEST); Thu Aug 28 2014 16:42:39 GMT+0200 (CEST); Thu Aug 28 2014 16:42:42 GMT+0200 (CEST); Thu Aug 28 2014 16:42:45 GMT+0200 (CEST); Thu Aug 28 2014 16:42:48 GMT+0200 (CEST); Thu Aug 28 2014 16:42:51 GMT+0200 (CEST); Thu Aug 28 2014 16:42:54 GMT+0200 (CEST); Thu Aug 28 2014 16:42:57 GMT+0200 (CEST); Thu Aug 28 2014 16:43:00 GMT+0200 (CEST); Thu Aug 28 2014 16:43:03 GMT+0200 (CEST); Thu Aug 28 2014 16:43:06 GMT+0200 (CEST); Thu Aug 28 2014 16:43:09 GMT+0200 (CEST); Thu Aug 28 2014 16:43:12 GMT+0200 (CEST); Thu Aug 28 2014 16:43:15 GMT+0200 (CEST); Thu Aug 28 2014 16:43:18 GMT+0200 (CEST); Thu Aug 28 2014 16:43:21 GMT+0200 (CEST); Thu Aug 28 2014 16:43:24 GMT+0200 (CEST); Thu Aug 28 2014 16:43:27 GMT+0200 (CEST); Thu Aug 28 2014 16:43:30 GMT+0200 (CEST); Thu Aug 28 2014 16:43:33 GMT+0200 (CEST); Thu Aug 28 2014 16:43:36 GMT+0200 (CEST); Thu Aug 28 2014 16:43:39 GMT+0200 (CEST); Thu Aug 28 2014 16:43:42 GMT+0200 (CEST); Thu Aug 28 2014 16:43:45 GMT+0200 (CEST); Thu Aug 28 2014 16:43:48 GMT+0200 (CEST); Thu Aug 28 2014 16:43:51 GMT+0200 (CEST); Thu Aug 28 2014 16:43:54 GMT+0200 (CEST); Thu Aug 28 2014 16:43:57 GMT+0200 (CEST); Thu Aug 28 2014 16:44:00 GMT+0200 (CEST); Thu Aug 28 2014 16:44:03 GMT+0200 (CEST); Thu Aug 28 2014 16:44:06 GMT+0200 (CEST); Thu Aug 28 2014 16:44:09 GMT+0200 (CEST); Thu Aug 28 2014 16:44:12 GMT+0200 (CEST); Thu Aug 28 2014 16:44:15 GMT+0200 (CEST); Thu Aug 28 2014 16:44:18 GMT+0200 (CEST); Thu Aug 28 2014 16:44:21 GMT+0200 (CEST); Thu Aug 28 2014 16:44:24 GMT+0200 (CEST); Thu Aug 28 2014 16:44:27 GMT+0200 (CEST); Thu Aug 28 2014 16:44:30 GMT+0200 (CEST); Thu Aug 28 2014 16:44:33 GMT+0200 (CEST); Thu Aug 28 2014 16:44:36 GMT+0200 (CEST); Thu Aug 28 2014 16:44:39 GMT+0200 (CEST); Thu Aug 28 2014 16:44:42 GMT+0200 (CEST); Thu Aug 28 2014 16:44:45 GMT+0200 (CEST); Thu Aug 28 2014 16:44:48 GMT+0200 (CEST); Thu Aug 28 2014 16:44:55 GMT+0200 (CEST); Thu Aug 28 2014 16:44:55 GMT+0200 (CEST); Thu Aug 28 2014 16:44:57 GMT+0200 (CEST); Thu Aug 28 2014 16:45:00 GMT+0200 (CEST); Thu Aug 28 2014 16:45:03 GMT+0200 (CEST); Thu Aug 28 2014 16:45:06 GMT+0200 (CEST); Thu Aug 28 2014 16:45:10 GMT+0200 (CEST); Thu Aug 28 2014 16:45:12 GMT+0200 (CEST); Thu Aug 28 2014 16:45:15 GMT+0200 (CEST); Thu Aug 28 2014 16:45:18 GMT+0200 (CEST); Thu Aug 28 2014 16:45:21 GMT+0200 (CEST); Thu Aug 28 2014 16:45:24 GMT+0200 (CEST); Thu Aug 28 2014 16:45:27 GMT+0200 (CEST); Thu Aug 28 2014 16:45:51 GMT+0200 (CEST); Thu Aug 28 2014 16:45:51 GMT+0200 (CEST); Thu Aug 28 2014 16:45:51 GMT+0200 (CEST); Thu Aug 28 2014 16:45:51 GMT+0200 (CEST); Thu Aug 28 2014 16:45:51 GMT+0200 (CEST); Thu Aug 28 2014 16:45:51 GMT+0200 (CEST); Thu Aug 28 2014 16:45:51 GMT+0200 (CEST); Thu Aug 28 2014 16:45:51 GMT+0200 (CEST); Thu Aug 28 2014 16:45:54 GMT+0200 (CEST); Thu Aug 28 2014 16:45:57 GMT+0200 (CEST); Thu Aug 28 2014 16:46:00 GMT+0200 (CEST); Thu Aug 28 2014 16:46:03 GMT+0200 (CEST); Thu Aug 28 2014 16:46:06 GMT+0200 (CEST); Thu Aug 28 2014 16:46:09 GMT+0200 (CEST); Thu Aug 28 2014 16:46:12 GMT+0200 (CEST); Thu Aug 28 2014 16:46:15 GMT+0200 (CEST); Thu Aug 28 2014 16:46:18 GMT+0200 (CEST); Thu Aug 28 2014 16:46:21 GMT+0200 (CEST); Thu Aug 28 2014 16:46:24 GMT+0200 (CEST); Thu Aug 28 2014 16:46:27 GMT+0200 (CEST); Thu Aug 28 2014 16:46:30 GMT+0200 (CEST); Thu Aug 28 2014 16:46:33 GMT+0200 (CEST); Thu Aug 28 2014 16:46:36 GMT+0200 (CEST); Thu Aug 28 2014 16:46:39 GMT+0200 (CEST);;;;;; ;;;;;;;;;;;;;;;;;;;;;;;;;;;;;;;;;;;;;;;;;;;;;;;;;;;;;;;;;;;;;;;;;;;;;;;;;;;;;;;;;;;;;;;;;;;;;;;;
;;;;;;;;;;;;;;;;;;;;;;;;;;;;;;;;;;;;;;;;;;;;;;;;;;;;;;;;;;;;;;;;;;;;;;;;;;;;;;;;;;;;;;;;;;;;;;;;;;;;;;;;;;;;;;;;;;;;;;;;;;;;;;;;;;;;;;;;;;;;;;;;;;;;;;;;;;;;;;;;;;;;;;;;;;;;;;;;;;;;;;;;;;;;;;;;;;;;;;;;;;;;;;;;;;;;;;;;;;;;;;;;;;;;;;;;;;;;;;;;;;;;;;;;;;;;;;;;;;;;;;;;;;;;;;;;;;;;;;;;;;;;;;;;;;;;;;;;;;;;;;;;;;;;;;;;;;;;;;;;;;;;;
Maximal;3049;;;;;;;;;;;;;;;;;;;;;;;;;;;;;;;;;;;;;;;;;;;;;;;;;;;;;;;;;;;;;;;;;;;;;;;;;;;;;;;;;;;;;;;;;;;;;;;;;;;;;;;;;;;;;;;;;;;;;;;;;;;;;;;;;;;;;;;;;;;;;;;;;;;;;;;;;;;;;;;;;;;;;;;;;;;;;;;;;;;;;;;;;;;;;;;;;;;;;;;;;;;;;;;;;;;;;;;;;;;;;;;;;;;;;;;;;;;;;;;;;;;;;;;;;;;;;;;;;;;;;;;;;;;;;;;;;;;;;;;;;;;;;;;;;;;;;;;;;;;;;;;;;;;;;;;;;;;;;;;;;;;;
Minimal;662;;;;;;;;;;;;;;;;;;;;;;;;;;;;;;;;;;;;;;;;;;;;;;;;;;;;;;;;;;;;;;;;;;;;;;;;;;;;;;;;;;;;;;;;;;;;;;;;;;;;;;;;;;;;;;;;;;;;;;;;;;;;;;;;;;;;;;;;;;;;;;;;;;;;;;;;;;;;;;;;;;;;;;;;;;;;;;;;;;;;;;;;;;;;;;;;;;;;;;;;;;;;;;;;;;;;;;;;;;;;;;;;;;;;;;;;;;;;;;;;;;;;;;;;;;;;;;;;;;;;;;;;;;;;;;;;;;;;;;;;;;;;;;;;;;;;;;;;;;;;;;;;;;;;;;;;;;;;;;;;;;;;
Durchschnitt;1475;;;;;;;;;;;;;;;;;;;;;;;;;;;;;;;;;;;;;;;;;;;;;;;;;;;;;;;;;;;;;;;;;;;;;;;;;;;;;;;;;;;;;;;;;;;;;;;;;;;;;;;;;;;;;;;;;;;;;;;;;;;;;;;;;;;;;;;;;;;;;;;;;;;;;;;;;;;;;;;;;;;;;;;;;;;;;;;;;;;;;;;;;;;;;;;;;;;;;;;;;;;;;;;;;;;;;;;;;;;;;;;;;;;;;;;;;;;;;;;;;;;;;;;;;;;;;;;;;;;;;;;;;;;;;;;;;;;;;;;;;;;;;;;;;;;;;;;;;;;;;;;;;;;;;;;;;;;;;;;;;;;;
;;;;;;;;;;;;;;;;;;;;;;;;;;;;;;;;;;;;;;;;;;;;;;;;;;;;;;;;;;;;;;;;;;;;;;;;;;;;;;;;;;;;;;;;;;;;;;;;;;;;;;;;;;;;;;;;;;;;;;;;;;;;;;;;;;;;;;;;;;;;;;;;;;;;;;;;;;;;;;;;;;;;;;;;;;;;;;;;;;;;;;;;;;;;;;;;;;;;;;;;;;;;;;;;;;;;;;;;;;;;;;;;;;;;;;;;;;;;;;;;;;;;;;;;;;;;;;;;;;;;;;;;;;;;;;;;;;;;;;;;;;;;;;;;;;;;;;;;;;;;;;;;;;;;;;;;;;;;;;;;;;;;;
;;;;;;;;;;;;;;;;;;;;;;;;;;;;;;;;;;;;;;;;;;;;;;;;;;;;;;;;;;;;;;;;;;;;;;;;;;;;;;;;;;;;;;;;;;;;;;;;;;;;;;;;;;;;;;;;;;;;;;;;;;;;;;;;;;;;;;;;;;;;;;;;;;;;;;;;;;;;;;;;;;;;;;;;;;;;;;;;;;;;;;;;;;;;;;;;;;;;;;;;;;;;;;;;;;;;;;;;;;;;;;;;;;;;;;;;;;;;;;;;;;;;;;;;;;;;;;;;;;;;;;;;;;;;;;;;;;;;;;;;;;;;;;;;;;;;;;;;;;;;;;;;;;;;;;;;;;;;;;;;;;;;;
Fahrt 2;;;;;;;;;;;;;;;;;;;;;;;;;;;;;;;;;;;;;;;;;;;;;;;;;;;;;;;;;;;;;;;;;;;;;;;;;;;;;;;;;;;;;;;;;;;;;;;;;;;;;;;;;;;;;;;;;;;;;;;;;;;;;;;;;;;;;;;;;;;;;;;;;;;;;;;;;;;;;;;;;;;;;;;;;;;;;;;;;;;;;;;;;;;;;;;;;;;;;;;;;;;;;;;;;;;;;;;;;;;;;;;;;;;;;;;;;;;;;;;;;;;;;;;;;;;;;;;;;;;;;;;;;;;;;;;;;;;;;;;;;;;;;;;;;;;;;;;;;;;;;;;;;;;;;;;;;;;;;;;;;;;;;
Max RPM;2100;2100;2100;2100;2100;2100;2100;2100;2100;2100;2100;2100;2100;2100;2100;2100;2100;2100;2100;2100;2100;2100;2100;2100;2100;2100;2100;2100;2100;2100;2100;2100;2100;2100;2100;2100;2100;2100;2100;2100;2100;2100;2100;2100;2100;2100;2100;2100;2100;2100;2100;2100;2100;2100;2100;2100;2100;2100;2100;2100;2100;2100;2100;2100;2100;2100;2100;2100;2100;2100;2100;2100;2100;2100;2100;2100;2100;2100;2100;2100;2100;2100;2100;2100;2100;2100;2100;2100;2100;2100;2100;2100;2100;2100;2100;2100;2100;2100;2100;2100;2100;2100;2100;2100;2100;2100;2100;2100;2100;2100;2100;2100;2100;2100;2100;2100;2100;2100;2100;2100;2100;2100;2100;2100;2100;2100;2100;2100;2100;2100;2100;2100;2100;2100;2100;2100;2100;2100;2100;2100;2100;2100;2100;2100;2100;2100;2100;2100;2100;2100;2100;2100;2100;2100;2100;2100;2100;2100;2100;2100;2100;2100;2100;2100;2100;2100;2100;2100;2100;2100;2100;2100;2100;2100;2100;2100;2100;2100;2100;2100;2100;2100;2100;2100;2100;2100;2100;2100;2100;2100;2100;2100;2100;2100;2100;2100;2100;2100;2100;2100;2100;2100;2100;2100;2100;2100;2100;2100;2100;2100;2100;2100;2100;2100;2100;2100;2100;2100;2100;2100;2100;2100;2100;2100;2100;2100;2100;2100;2100;2100;2100;2100;2100;2100;2100;2100;2100;2100;2100;2100;2100;2100;2100;2100;2100;2100;2100;2100;2100;2100;2100;2100;2100;2100;2100;2100;2100;2100;2100;2100;2100;2100;2100;2100;2100;2100;2100;2100;2100;2100;2100;2100;2100;2100;2100;2100;2100;2100;2100;2100;2100;2100;2100;2100;2100;2100;2100;2100;2100;2100;2100;2100;2100;2100;2100;2100;2100;2100;2100;2100;2100;2100;2100;2100;2100;2100;2100;2100;2100;2100;2100;2100;2100;2100;2100;2100;2100;2100;2100;2100;2100;2100;2100;2100; 
RPM;776;784;792;790;785;791;784;781;783;776;784;790;784;775;786;774;779;787;771;785;787;779;785;778;783;781;791;778;785;776;770;789;784;786;778;787;958;1454;2002;2564;1439;1397;1200;1458;1990;1466;1639;1765;1743;1833;1760;1813;1829;1635;1796;1971;1655;1612;1378;886;802;776;779;770;765;1015;1193;1122;780;760;766;776;777;779;782;781;782;780;785;780;779;786;783;782;777;771;782;780;779;779;777;766;779;778;784;776;782;1375;1275;2020;1511;1725;1900;1943;1968;1941;2025;2046;1959;1730;1634;1076;843;786;756;771;780;782;787;787;779;785;785;971;2078;1385;1986;1541;1726;1887;1989;1577;1561;1621;1697;1720;1689;1681;1676;1609;1612;1616;1575;1246;1534;1495;1770;1888;1926;1839;1708;1454;1038;829;745;774;772;775;780;781;782;782;778;786;663;1830;1439;1869;1385;1748;1941;2007;1791;1299;846;793;852;779;635;859;1346;986;1097;1247;1037;1450;1470;856;772;773;779;774;774;777;832;1385;1001;797;775;765;819;1497;1295;969;800;0;0;0;0;0;0;0;990;711;769;765;847;826;1230;1256;1085;941;1736;1972;1907;1376;1394;1524;1095;816;777;772;784;781;783;790;781;776;782;782;777;786;780;780;778;879;1672;1392;1883;1401;1172;1749;1471;1950;1754;1968;1957;1923;1955;1994;1957;1920;1844;1785;880;785;797;1996;1975;1665;1925;1930;1826;1862;1810;1627;1433;1692;1808;1988;1627;1764;1839;1877;1901;1847;1525;1282;1336;1322;1542;1613;1751;1893;1802;1607;1429;1041;787;808;787;0;0;0;0;0;0;0;0;0;0;0;0;0;0;0;0;0;0;0;0;0;0;0; 
Longitude;130.622.253;130.622.253;130.622.253;130.626.077;130.626.077;130.626.077;130.626.077;130.626.077;130.626.077;130.626.077;130.626.077;130.626.077;130.626.077;1.306.299;1.306.299;1.306.299;1.306.299;1.306.299;1.306.299;1.306.299;1.306.299;1.306.299;1.306.299;1.306.299;1.306.299;1.306.299;1.306.299;1.306.299;1.306.299;1.306.299;130.623.923;130.623.923;130.623.923;130.623.923;130.623.923;130.623.923;130.623.923;130.623.923;130.623.923;130.617.945;130.617.945;130.617.945;130.617.945;130.617.945;130.617.945;130.617.945;130.617.945;130.617.945;130.617.945;130.617.945;130.617.945;130.617.945;130.617.945;130.617.945;130.617.945;130.622.018;130.622.018;130.622.018;130.622.018;130.622.018;130.620.661;130.620.661;130.620.661;130.620.661;130.620.661;130.622.018;130.587.211;130.587.211;130.587.211;130.570.026;130.551.337;130.551.337;130.551.337;130.551.337;130.551.337;130.551.337;130.518.033;130.518.033;130.518.033;130.518.469;130.518.469;130.518.469;130.518.469;130.518.469;130.518.469;130.518.469;130.518.469;130.518.469;130.518.469;130.518.469;130.518.469;130.518.469;130.518.469;130.518.469;130.518.469;130.518.469;130.518.469;130.518.469;130.518.469;130.518.469;130.518.469;130.518.469;130.518.469;130.518.469;130.518.469;130.518.469;130.518.469;130.518.469;130.518.469;130.518.469;130.518.469;130.518.469;130.518.469;130.518.469;130.518.469;130.518.469;130.518.469;130.518.469;130.518.469;130.518.469;130.518.469;130.518.469;130.518.469;130.518.469;130.518.469;130.518.469;130.518.469;130.518.469;130.518.469;130.518.469;130.518.469;130.518.033;130.518.033;130.518.033;130.507.673;130.507.673;130.507.673;130.507.673;130.507.673;130.507.673;130.507.673;130.502.275;130.502.275;130.496.182;130.485.474;130.485.474;130.485.474;130.485.474;130.485.474;130.485.474;130.485.474;130.485.474;130.485.474;130.483.996;130.483.996;130.483.996;130.483.996;130.483.996;130.483.996;130.483.996;130.483.996;130.483.996;130.483.996;130.483.996;130.483.996;130.483.996;130.483.996;130.483.996;130.483.996;130.483.996;130.483.996;130.483.996;130.483.996;130.483.996;130.483.996;130.483.996;130.483.996;130.483.996;130.483.996;130.483.996;130.483.996;130.485.525;130.485.525;130.485.525;130.501.285;130.501.285;130.501.285;130.501.285;130.501.285;130.501.285;130.501.285;130.509.931;130.509.931;130.509.931;130.532.808;130.532.808;130.532.808;130.532.808;130.532.808;130.532.808;130.532.808;130.532.808;130.532.808;130.532.808;130.532.808;130.532.808;130.532.808;130.532.808;130.532.808;130.532.808;130.532.808;130.532.808;130.532.808;130.532.808;130.532.808;130.532.808;130.532.808;130.532.808;130.532.808;130.532.808;130.532.808;130.532.808;130.535.337;130.535.337;130.535.337;130.535.323;130.535.323;130.535.323;130.535.323;130.535.323;130.535.323;130.535.323;130.536.581;130.536.581;130.536.581;130.535.295;130.535.295;130.535.295;130.535.295;130.535.295;130.535.295;130.534.051;130.534.051;130.534.051;130.534.051;130.534.051;130.534.051;130.534.051;130.534.051;130.534.051;130.534.051;130.532.808;130.532.808;130.532.808;130.532.808;130.532.808;130.532.808;130.542.626;130.542.626;130.542.626;130.542.626;130.542.626;130.560.127;130.560.127;130.560.127;130.560.127;130.560.127;130.573.787;130.573.787;130.573.787;130.573.787;130.580.674;130.594.788;130.594.788;13.060.485;13.060.485;130.610.881;130.610.881;130.610.881;130.610.881;130.616.132;130.616.132;130.616.132;130.616.132;130.625.294;130.625.294;130.625.401;130.625.401;130.625.401;130.623.537;130.623.537;130.623.537;130.623.537;130.623.537;130.620.099;130.620.099;130.620.099;130.620.099;130.620.099;130.617.945;130.617.945;130.617.945;130.617.945;130.617.945;130.617.945;130.617.945;130.617.945;130.617.945;130.617.945;130.617.945;130.617.945;130.617.945;130.617.945;130.617.945;130.617.945;130.617.945;130.617.945;130.617.945;130.617.945;130.617.945;130.617.945;130.617.945;130.617.945;130.617.945; 
Latitude;477.887.324;477.887.324;477.887.324;477.885.356;477.885.356;477.885.356;477.885.356;477.885.356;477.885.356;477.885.356;477.885.356;477.885.356;477.885.356;477.883.389;477.883.389;477.883.389;477.883.389;477.883.389;477.883.389;477.883.389;477.883.389;477.883.389;477.883.389;477.883.389;477.883.389;477.883.389;477.883.389;477.883.389;477.883.389;477.883.389;47.788.144;47.788.144;47.788.144;47.788.144;47.788.144;47.788.144;47.788.144;47.788.144;47.788.144;477.879.491;477.879.491;477.879.491;477.879.491;477.879.491;477.879.491;477.879.491;477.879.491;477.879.491;477.879.491;477.879.491;477.879.491;477.879.491;477.879.491;477.879.491;477.879.491;477.855.344;477.855.344;477.855.344;477.855.344;477.855.344;477.863.393;477.863.393;477.863.393;477.863.393;477.863.393;477.855.344;477.854.041;477.854.041;477.854.041;477.853.255;477.860.608;477.860.608;477.860.608;477.860.608;477.860.608;477.860.608;477.851.167;477.851.167;477.851.167;477.850.897;477.850.897;477.850.897;477.850.897;477.850.897;477.850.897;477.850.897;477.850.897;477.850.897;477.850.897;477.850.897;477.850.897;477.850.897;477.850.897;477.850.897;477.850.897;477.850.897;477.850.897;477.850.897;477.850.897;477.850.897;477.850.897;477.850.897;477.850.897;477.850.897;477.850.897;477.850.897;477.850.897;477.850.897;477.850.897;477.850.897;477.850.897;477.850.897;477.850.897;477.850.897;477.850.897;477.850.897;477.850.897;477.850.897;477.850.897;477.850.897;477.850.897;477.850.897;477.850.897;477.850.897;477.850.897;477.850.897;477.850.897;477.850.897;477.850.897;477.850.897;477.850.897;477.851.167;477.851.167;477.851.167;477.865.099;477.865.099;477.865.099;477.865.099;477.865.099;477.865.099;477.865.099;477.872.201;477.872.201;47.788.853;477.907.077;477.907.077;477.907.077;477.907.077;477.907.077;477.907.077;477.907.077;477.907.077;477.907.077;47.792.119;47.792.119;47.792.119;47.792.119;47.792.119;47.792.119;47.792.119;47.792.119;47.792.119;47.792.119;47.792.119;47.792.119;47.792.119;47.792.119;47.792.119;47.792.119;47.792.119;47.792.119;47.792.119;47.792.119;47.792.119;47.792.119;47.792.119;47.792.119;47.792.119;47.792.119;47.792.119;47.792.119;477.917.429;477.917.429;477.917.429;477.936.057;477.936.057;477.936.057;477.936.057;477.936.057;477.936.057;477.936.057;477.943.491;477.943.491;477.943.491;477.973.312;477.973.312;477.973.312;477.973.312;477.973.312;477.973.312;477.973.312;477.973.312;477.973.312;477.973.312;477.973.312;477.973.312;477.973.312;477.973.312;477.973.312;477.973.312;477.973.312;477.973.312;477.973.312;477.973.312;477.973.312;477.973.312;477.973.312;477.973.312;477.973.312;477.973.312;477.973.312;477.973.312;477.971.983;477.971.983;477.971.983;477.971.152;477.971.152;477.971.152;477.971.152;477.971.152;477.971.152;477.971.152;477.970.071;477.970.071;477.970.071;47.796.949;47.796.949;47.796.949;47.796.949;47.796.949;47.796.949;477.971.401;477.971.401;477.971.401;477.971.401;477.971.401;477.971.401;477.971.401;477.971.401;477.971.401;477.971.401;477.973.312;477.973.312;477.973.312;477.973.312;477.973.312;477.973.312;4.779.662;4.779.662;4.779.662;4.779.662;4.779.662;477.956.004;477.956.004;477.956.004;477.956.004;477.956.004;47.794.735;47.794.735;47.794.735;47.794.735;477.942.646;477.934.426;477.934.426;477.931.415;477.931.415;477.929.788;477.929.788;477.929.788;477.929.788;477.927.847;477.927.847;477.927.847;477.927.847;477.915.755;477.915.755;477.912.542;477.912.542;477.912.542;477.904.279;477.904.279;477.904.279;477.904.279;477.904.279;477.883.407;477.883.407;477.883.407;477.883.407;477.883.407;477.879.491;477.879.491;477.879.491;477.879.491;477.879.491;477.879.491;477.879.491;477.879.491;477.879.491;477.879.491;477.879.491;477.879.491;477.879.491;477.879.491;477.879.491;477.879.491;477.879.491;477.879.491;477.879.491;477.879.491;477.879.491;477.879.491;477.879.491;477.879.491;477.879.491; 
Accuracy;1262;1262;1262;1066;1066;1066;1066;1066;1066;1066;1066;1066;1066;1066;1066;1066;1066;1066;1066;1066;1066;1066;1066;1066;1066;1066;1066;1066;1066;1066;1066;1066;1066;1066;1066;1066;1066;1066;1066;1260;1260;1260;1260;1260;1260;1260;1260;1260;1260;1260;1260;1260;1260;1260;1260;1168;1168;1168;1168;1168;1168;1168;1168;1168;1168;1168;1072;1072;1072;1072;1072;1072;1072;1072;1072;1072;1072;1072;1072;1140;1140;1140;1140;1140;1140;1140;1140;1140;1140;1140;1140;1140;1140;1140;1140;1140;1140;1140;1140;1140;1140;1140;1140;1140;1140;1140;1140;1140;1140;1140;1140;1140;1140;1140;1140;1140;1140;1140;1140;1140;1140;1140;1140;1140;1140;1140;1140;1140;1140;1140;1140;1072;1072;1072;960;960;960;960;960;960;960;960;960;896;896;896;896;896;896;896;896;896;896;896;896;896;896;896;896;896;896;896;896;896;896;896;896;896;896;896;896;896;896;896;896;896;896;896;896;896;896;883;883;883;869;869;869;869;869;869;869;869;869;869;869;869;869;869;869;869;869;869;869;869;869;869;869;869;869;869;869;869;869;869;869;869;869;869;869;869;869;869;869;869;869;869;869;869;869;869;869;869;959;959;959;959;959;959;959;959;959;869;869;869;869;869;869;869;869;869;869;869;869;869;869;869;869;869;869;869;869;869;869;869;869;869;869;1121;1121;1121;1121;1121;1121;1121;1121;1121;1027;1027;1027;1027;1027;1027;1027;1027;1027;1027;1027;1027;1027;1027;1027;1027;1027;1027;1260;1260;1260;1260;1260;1260;1260;1260;1260;1260;1260;1260;1260;1260;1260;1260;1260;1260;1260;1260;1260;1260;1260;1260;1260;1260;1260;1260;1260;1260; 
Speed; null; null; null; null; null; null; null; null; null; null; null; null; null; null; null; null; null; null; null; null; null; null; null; null; null; null; null; null; null; null; null; null; null; null; null; null; null; null; null; null; null; null; null; null; null; null; null; null; null; null; null; null; null; null; null; null; null; null; null; null; null; null; null; null; null; null; null; null; null; null; null; null; null; null; null; null; null; null; null; null; null; null; null; null; null; null; null; null; null; null; null; null; null; null; null; null; null; null; null; null; null; null; null; null; null; null; null; null; null; null; null; null; null; null; null; null; null; null; null; null; null; null; null; null; null; null; null; null; null; null; null; null; null; null; null; null; null; null; null; null; null; null; null; null; null; null; null; null; null; null; null; null; null; null; null; null; null; null; null; null; null; null; null; null; null; null; null; null; null; null; null; null; null; null; null; null; null; null; null; null; null; null; null; null; null; null; null; null; null; null; null; null; null; null; null; null; null; null; null; null; null; null; null; null; null; null; null; null; null; null; null; null; null; null; null; null; null; null; null; null; null; null; null; null; null; null; null; null; null; null; null; null; null; null; null; null; null; null; null; null; null; null; null; null; null; null; null; null; null; null; null; null; null; null; null; null; null; null; null; null; null; null; null; null; null; null; null; null; null; null; null; null; null; null; null; null; null; null; null; null; null; null; null; null; null; null; null; null; null; null; null; null; null; null; null; null; null; null; null; null; null; null; null; null; null; null; null; null; null; null; null; null; null; null; null; null; null; null; null; null; null; null; null; null; 
Time; Thu Aug 28 2014 16:56:07 GMT+0200 (CEST); Thu Aug 28 2014 16:56:10 GMT+0200 (CEST); Thu Aug 28 2014 16:56:13 GMT+0200 (CEST); Thu Aug 28 2014 16:56:16 GMT+0200 (CEST); Thu Aug 28 2014 16:56:19 GMT+0200 (CEST); Thu Aug 28 2014 16:56:22 GMT+0200 (CEST); Thu Aug 28 2014 16:56:25 GMT+0200 (CEST); Thu Aug 28 2014 16:56:28 GMT+0200 (CEST); Thu Aug 28 2014 16:56:31 GMT+0200 (CEST); Thu Aug 28 2014 16:56:34 GMT+0200 (CEST); Thu Aug 28 2014 16:56:37 GMT+0200 (CEST); Thu Aug 28 2014 16:56:40 GMT+0200 (CEST); Thu Aug 28 2014 16:56:43 GMT+0200 (CEST); Thu Aug 28 2014 16:56:46 GMT+0200 (CEST); Thu Aug 28 2014 16:56:49 GMT+0200 (CEST); Thu Aug 28 2014 16:56:52 GMT+0200 (CEST); Thu Aug 28 2014 16:56:55 GMT+0200 (CEST); Thu Aug 28 2014 16:56:58 GMT+0200 (CEST); Thu Aug 28 2014 16:57:01 GMT+0200 (CEST); Thu Aug 28 2014 16:57:04 GMT+0200 (CEST); Thu Aug 28 2014 16:57:07 GMT+0200 (CEST); Thu Aug 28 2014 16:57:10 GMT+0200 (CEST); Thu Aug 28 2014 16:57:13 GMT+0200 (CEST); Thu Aug 28 2014 16:57:16 GMT+0200 (CEST); Thu Aug 28 2014 16:57:19 GMT+0200 (CEST); Thu Aug 28 2014 16:57:22 GMT+0200 (CEST); Thu Aug 28 2014 16:57:25 GMT+0200 (CEST); Thu Aug 28 2014 16:57:28 GMT+0200 (CEST); Thu Aug 28 2014 16:57:31 GMT+0200 (CEST); Thu Aug 28 2014 16:57:34 GMT+0200 (CEST); Thu Aug 28 2014 16:57:37 GMT+0200 (CEST); Thu Aug 28 2014 16:57:40 GMT+0200 (CEST); Thu Aug 28 2014 16:57:43 GMT+0200 (CEST); Thu Aug 28 2014 16:57:46 GMT+0200 (CEST); Thu Aug 28 2014 16:57:49 GMT+0200 (CEST); Thu Aug 28 2014 16:57:52 GMT+0200 (CEST); Thu Aug 28 2014 16:57:55 GMT+0200 (CEST); Thu Aug 28 2014 16:57:58 GMT+0200 (CEST); Thu Aug 28 2014 16:58:02 GMT+0200 (CEST); Thu Aug 28 2014 16:58:06 GMT+0200 (CEST); Thu Aug 28 2014 16:58:07 GMT+0200 (CEST); Thu Aug 28 2014 16:58:10 GMT+0200 (CEST); Thu Aug 28 2014 16:58:13 GMT+0200 (CEST); Thu Aug 28 2014 16:58:16 GMT+0200 (CEST); Thu Aug 28 2014 16:58:19 GMT+0200 (CEST); Thu Aug 28 2014 16:58:22 GMT+0200 (CEST); Thu Aug 28 2014 16:58:25 GMT+0200 (CEST); Thu Aug 28 2014 16:58:28 GMT+0200 (CEST); Thu Aug 28 2014 16:58:31 GMT+0200 (CEST); Thu Aug 28 2014 16:58:34 GMT+0200 (CEST); Thu Aug 28 2014 16:58:37 GMT+0200 (CEST); Thu Aug 28 2014 16:58:40 GMT+0200 (CEST); Thu Aug 28 2014 16:58:43 GMT+0200 (CEST); Thu Aug 28 2014 16:58:46 GMT+0200 (CEST); Thu Aug 28 2014 16:58:49 GMT+0200 (CEST); Thu Aug 28 2014 16:58:54 GMT+0200 (CEST); Thu Aug 28 2014 16:58:55 GMT+0200 (CEST); Thu Aug 28 2014 16:58:58 GMT+0200 (CEST); Thu Aug 28 2014 16:59:01 GMT+0200 (CEST); Thu Aug 28 2014 16:59:04 GMT+0200 (CEST); Thu Aug 28 2014 16:59:07 GMT+0200 (CEST); Thu Aug 28 2014 16:59:10 GMT+0200 (CEST); Thu Aug 28 2014 16:59:14 GMT+0200 (CEST); Thu Aug 28 2014 16:59:16 GMT+0200 (CEST); Thu Aug 28 2014 16:59:19 GMT+0200 (CEST); Thu Aug 28 2014 16:59:22 GMT+0200 (CEST); Thu Aug 28 2014 16:59:25 GMT+0200 (CEST); Thu Aug 28 2014 16:59:28 GMT+0200 (CEST); Thu Aug 28 2014 16:59:31 GMT+0200 (CEST); Thu Aug 28 2014 16:59:34 GMT+0200 (CEST); Thu Aug 28 2014 16:59:37 GMT+0200 (CEST); Thu Aug 28 2014 16:59:40 GMT+0200 (CEST); Thu Aug 28 2014 16:59:43 GMT+0200 (CEST); Thu Aug 28 2014 16:59:46 GMT+0200 (CEST); Thu Aug 28 2014 16:59:49 GMT+0200 (CEST); Thu Aug 28 2014 16:59:52 GMT+0200 (CEST); Thu Aug 28 2014 16:59:55 GMT+0200 (CEST); Thu Aug 28 2014 16:59:58 GMT+0200 (CEST); Thu Aug 28 2014 17:00:01 GMT+0200 (CEST); Thu Aug 28 2014 17:00:04 GMT+0200 (CEST); Thu Aug 28 2014 17:00:07 GMT+0200 (CEST); Thu Aug 28 2014 17:00:10 GMT+0200 (CEST); Thu Aug 28 2014 17:00:13 GMT+0200 (CEST); Thu Aug 28 2014 17:00:16 GMT+0200 (CEST); Thu Aug 28 2014 17:00:19 GMT+0200 (CEST); Thu Aug 28 2014 17:00:22 GMT+0200 (CEST); Thu Aug 28 2014 17:00:25 GMT+0200 (CEST); Thu Aug 28 2014 17:00:28 GMT+0200 (CEST); Thu Aug 28 2014 17:00:31 GMT+0200 (CEST); Thu Aug 28 2014 17:00:34 GMT+0200 (CEST); Thu Aug 28 2014 17:00:37 GMT+0200 (CEST); Thu Aug 28 2014 17:00:40 GMT+0200 (CEST); Thu Aug 28 2014 17:00:43 GMT+0200 (CEST); Thu Aug 28 2014 17:00:46 GMT+0200 (CEST); Thu Aug 28 2014 17:00:49 GMT+0200 (CEST); Thu Aug 28 2014 17:00:52 GMT+0200 (CEST); Thu Aug 28 2014 17:00:55 GMT+0200 (CEST); Thu Aug 28 2014 17:00:58 GMT+0200 (CEST); Thu Aug 28 2014 17:01:01 GMT+0200 (CEST); Thu Aug 28 2014 17:01:05 GMT+0200 (CEST); Thu Aug 28 2014 17:01:07 GMT+0200 (CEST); Thu Aug 28 2014 17:01:10 GMT+0200 (CEST); Thu Aug 28 2014 17:01:13 GMT+0200 (CEST); Thu Aug 28 2014 17:01:16 GMT+0200 (CEST); Thu Aug 28 2014 17:01:19 GMT+0200 (CEST); Thu Aug 28 2014 17:01:22 GMT+0200 (CEST); Thu Aug 28 2014 17:01:26 GMT+0200 (CEST); Thu Aug 28 2014 17:01:29 GMT+0200 (CEST); Thu Aug 28 2014 17:01:31 GMT+0200 (CEST); Thu Aug 28 2014 17:01:34 GMT+0200 (CEST); Thu Aug 28 2014 17:01:37 GMT+0200 (CEST); Thu Aug 28 2014 17:01:40 GMT+0200 (CEST); Thu Aug 28 2014 17:01:43 GMT+0200 (CEST); Thu Aug 28 2014 17:01:46 GMT+0200 (CEST); Thu Aug 28 2014 17:01:49 GMT+0200 (CEST); Thu Aug 28 2014 17:01:52 GMT+0200 (CEST); Thu Aug 28 2014 17:01:55 GMT+0200 (CEST); Thu Aug 28 2014 17:01:58 GMT+0200 (CEST); Thu Aug 28 2014 17:02:01 GMT+0200 (CEST); Thu Aug 28 2014 17:02:04 GMT+0200 (CEST); Thu Aug 28 2014 17:02:07 GMT+0200 (CEST); Thu Aug 28 2014 17:02:10 GMT+0200 (CEST); Thu Aug 28 2014 17:02:13 GMT+0200 (CEST); Thu Aug 28 2014 17:02:16 GMT+0200 (CEST); Thu Aug 28 2014 17:02:20 GMT+0200 (CEST); Thu Aug 28 2014 17:02:22 GMT+0200 (CEST); Thu Aug 28 2014 17:02:25 GMT+0200 (CEST); Thu Aug 28 2014 17:02:28 GMT+0200 (CEST); Thu Aug 28 2014 17:02:31 GMT+0200 (CEST); Thu Aug 28 2014 17:02:34 GMT+0200 (CEST); Thu Aug 28 2014 17:02:37 GMT+0200 (CEST); Thu Aug 28 2014 17:02:40 GMT+0200 (CEST); Thu Aug 28 2014 17:02:43 GMT+0200 (CEST); Thu Aug 28 2014 17:02:46 GMT+0200 (CEST); Thu Aug 28 2014 17:02:49 GMT+0200 (CEST); Thu Aug 28 2014 17:02:52 GMT+0200 (CEST); Thu Aug 28 2014 17:02:55 GMT+0200 (CEST); Thu Aug 28 2014 17:02:58 GMT+0200 (CEST); Thu Aug 28 2014 17:03:01 GMT+0200 (CEST); Thu Aug 28 2014 17:03:04 GMT+0200 (CEST); Thu Aug 28 2014 17:03:07 GMT+0200 (CEST); Thu Aug 28 2014 17:03:10 GMT+0200 (CEST); Thu Aug 28 2014 17:03:13 GMT+0200 (CEST); Thu Aug 28 2014 17:03:16 GMT+0200 (CEST); Thu Aug 28 2014 17:03:19 GMT+0200 (CEST); Thu Aug 28 2014 17:03:22 GMT+0200 (CEST); Thu Aug 28 2014 17:03:25 GMT+0200 (CEST); Thu Aug 28 2014 17:03:28 GMT+0200 (CEST); Thu Aug 28 2014 17:03:31 GMT+0200 (CEST); Thu Aug 28 2014 17:03:34 GMT+0200 (CEST); Thu Aug 28 2014 17:03:37 GMT+0200 (CEST); Thu Aug 28 2014 17:03:40 GMT+0200 (CEST); Thu Aug 28 2014 17:03:43 GMT+0200 (CEST); Thu Aug 28 2014 17:03:46 GMT+0200 (CEST); Thu Aug 28 2014 17:03:49 GMT+0200 (CEST); Thu Aug 28 2014 17:03:52 GMT+0200 (CEST); Thu Aug 28 2014 17:03:55 GMT+0200 (CEST); Thu Aug 28 2014 17:03:58 GMT+0200 (CEST); Thu Aug 28 2014 17:04:01 GMT+0200 (CEST); Thu Aug 28 2014 17:04:04 GMT+0200 (CEST); Thu Aug 28 2014 17:04:07 GMT+0200 (CEST); Thu Aug 28 2014 17:04:10 GMT+0200 (CEST); Thu Aug 28 2014 17:04:13 GMT+0200 (CEST); Thu Aug 28 2014 17:04:16 GMT+0200 (CEST); Thu Aug 28 2014 17:04:19 GMT+0200 (CEST); Thu Aug 28 2014 17:04:22 GMT+0200 (CEST); Thu Aug 28 2014 17:04:25 GMT+0200 (CEST); Thu Aug 28 2014 17:04:28 GMT+0200 (CEST); Thu Aug 28 2014 17:04:31 GMT+0200 (CEST); Thu Aug 28 2014 17:04:34 GMT+0200 (CEST); Thu Aug 28 2014 17:04:37 GMT+0200 (CEST); Thu Aug 28 2014 17:04:41 GMT+0200 (CEST); Thu Aug 28 2014 17:04:43 GMT+0200 (CEST); Thu Aug 28 2014 17:04:46 GMT+0200 (CEST); Thu Aug 28 2014 17:04:49 GMT+0200 (CEST); Thu Aug 28 2014 17:04:52 GMT+0200 (CEST); Thu Aug 28 2014 17:04:55 GMT+0200 (CEST); Thu Aug 28 2014 17:04:58 GMT+0200 (CEST); Thu Aug 28 2014 17:05:01 GMT+0200 (CEST); Thu Aug 28 2014 17:05:04 GMT+0200 (CEST); Thu Aug 28 2014 17:05:07 GMT+0200 (CEST); Thu Aug 28 2014 17:05:12 GMT+0200 (CEST); Thu Aug 28 2014 17:05:13 GMT+0200 (CEST); Thu Aug 28 2014 17:05:16 GMT+0200 (CEST); Thu Aug 28 2014 17:05:19 GMT+0200 (CEST); Thu Aug 28 2014 17:05:22 GMT+0200 (CEST); Thu Aug 28 2014 17:05:25 GMT+0200 (CEST); Thu Aug 28 2014 17:05:28 GMT+0200 (CEST); Thu Aug 28 2014 17:05:31 GMT+0200 (CEST); Thu Aug 28 2014 17:05:34 GMT+0200 (CEST); Thu Aug 28 2014 17:05:37 GMT+0200 (CEST); Thu Aug 28 2014 17:05:40 GMT+0200 (CEST); Thu Aug 28 2014 17:05:43 GMT+0200 (CEST); Thu Aug 28 2014 17:05:46 GMT+0200 (CEST); Thu Aug 28 2014 17:05:49 GMT+0200 (CEST); Thu Aug 28 2014 17:05:52 GMT+0200 (CEST); Thu Aug 28 2014 17:05:55 GMT+0200 (CEST); Thu Aug 28 2014 17:05:58 GMT+0200 (CEST); Thu Aug 28 2014 17:06:01 GMT+0200 (CEST); Thu Aug 28 2014 17:06:04 GMT+0200 (CEST); Thu Aug 28 2014 17:06:07 GMT+0200 (CEST); Thu Aug 28 2014 17:06:10 GMT+0200 (CEST); Thu Aug 28 2014 17:06:13 GMT+0200 (CEST); Thu Aug 28 2014 17:06:16 GMT+0200 (CEST); Thu Aug 28 2014 17:06:19 GMT+0200 (CEST); Thu Aug 28 2014 17:06:22 GMT+0200 (CEST); Thu Aug 28 2014 17:06:25 GMT+0200 (CEST); Thu Aug 28 2014 17:06:28 GMT+0200 (CEST); Thu Aug 28 2014 17:06:31 GMT+0200 (CEST); Thu Aug 28 2014 17:06:34 GMT+0200 (CEST); Thu Aug 28 2014 17:06:37 GMT+0200 (CEST); Thu Aug 28 2014 17:06:40 GMT+0200 (CEST); Thu Aug 28 2014 17:06:43 GMT+0200 (CEST); Thu Aug 28 2014 17:06:46 GMT+0200 (CEST); Thu Aug 28 2014 17:06:49 GMT+0200 (CEST); Thu Aug 28 2014 17:06:52 GMT+0200 (CEST); Thu Aug 28 2014 17:06:55 GMT+0200 (CEST); Thu Aug 28 2014 17:06:58 GMT+0200 (CEST); Thu Aug 28 2014 17:07:01 GMT+0200 (CEST); Thu Aug 28 2014 17:07:04 GMT+0200 (CEST); Thu Aug 28 2014 17:07:07 GMT+0200 (CEST); Thu Aug 28 2014 17:07:10 GMT+0200 (CEST); Thu Aug 28 2014 17:07:13 GMT+0200 (CEST); Thu Aug 28 2014 17:07:16 GMT+0200 (CEST); Thu Aug 28 2014 17:07:19 GMT+0200 (CEST); Thu Aug 28 2014 17:07:22 GMT+0200 (CEST); Thu Aug 28 2014 17:07:25 GMT+0200 (CEST); Thu Aug 28 2014 17:07:28 GMT+0200 (CEST); Thu Aug 28 2014 17:07:31 GMT+0200 (CEST); Thu Aug 28 2014 17:07:34 GMT+0200 (CEST); Thu Aug 28 2014 17:07:37 GMT+0200 (CEST); Thu Aug 28 2014 17:07:40 GMT+0200 (CEST); Thu Aug 28 2014 17:07:43 GMT+0200 (CEST); Thu Aug 28 2014 17:07:46 GMT+0200 (CEST); Thu Aug 28 2014 17:07:49 GMT+0200 (CEST); Thu Aug 28 2014 17:07:52 GMT+0200 (CEST); Thu Aug 28 2014 17:07:55 GMT+0200 (CEST); Thu Aug 28 2014 17:07:58 GMT+0200 (CEST); Thu Aug 28 2014 17:08:01 GMT+0200 (CEST); Thu Aug 28 2014 17:08:04 GMT+0200 (CEST); Thu Aug 28 2014 17:08:07 GMT+0200 (CEST); Thu Aug 28 2014 17:08:10 GMT+0200 (CEST); Thu Aug 28 2014 17:08:13 GMT+0200 (CEST); Thu Aug 28 2014 17:08:16 GMT+0200 (CEST); Thu Aug 28 2014 17:08:19 GMT+0200 (CEST); Thu Aug 28 2014 17:08:22 GMT+0200 (CEST); Thu Aug 28 2014 17:08:25 GMT+0200 (CEST); Thu Aug 28 2014 17:08:28 GMT+0200 (CEST); Thu Aug 28 2014 17:08:31 GMT+0200 (CEST); Thu Aug 28 2014 17:08:34 GMT+0200 (CEST); Thu Aug 28 2014 17:08:37 GMT+0200 (CEST); Thu Aug 28 2014 17:08:40 GMT+0200 (CEST); Thu Aug 28 2014 17:08:43 GMT+0200 (CEST); Thu Aug 28 2014 17:08:46 GMT+0200 (CEST); Thu Aug 28 2014 17:08:49 GMT+0200 (CEST); Thu Aug 28 2014 17:08:52 GMT+0200 (CEST); Thu Aug 28 2014 17:08:55 GMT+0200 (CEST); Thu Aug 28 2014 17:08:58 GMT+0200 (CEST); Thu Aug 28 2014 17:09:02 GMT+0200 (CEST); Thu Aug 28 2014 17:09:04 GMT+0200 (CEST); Thu Aug 28 2014 17:09:07 GMT+0200 (CEST); Thu Aug 28 2014 17:09:10 GMT+0200 (CEST); Thu Aug 28 2014 17:09:13 GMT+0200 (CEST); Thu Aug 28 2014 17:09:16 GMT+0200 (CEST); Thu Aug 28 2014 17:09:19 GMT+0200 (CEST); Thu Aug 28 2014 17:09:22 GMT+0200 (CEST); Thu Aug 28 2014 17:09:25 GMT+0200 (CEST); Thu Aug 28 2014 17:09:29 GMT+0200 (CEST); Thu Aug 28 2014 17:09:31 GMT+0200 (CEST); Thu Aug 28 2014 17:09:34 GMT+0200 (CEST); Thu Aug 28 2014 17:09:37 GMT+0200 (CEST); Thu Aug 28 2014 17:09:40 GMT+0200 (CEST); Thu Aug 28 2014 17:09:43 GMT+0200 (CEST); Thu Aug 28 2014 17:09:47 GMT+0200 (CEST); Thu Aug 28 2014 17:09:49 GMT+0200 (CEST); Thu Aug 28 2014 17:09:52 GMT+0200 (CEST); Thu Aug 28 2014 17:09:55 GMT+0200 (CEST); Thu Aug 28 2014 17:09:58 GMT+0200 (CEST); Thu Aug 28 2014 17:10:02 GMT+0200 (CEST); Thu Aug 28 2014 17:10:04 GMT+0200 (CEST); Thu Aug 28 2014 17:10:07 GMT+0200 (CEST); Thu Aug 28 2014 17:10:10 GMT+0200 (CEST); Thu Aug 28 2014 17:10:13 GMT+0200 (CEST); Thu Aug 28 2014 17:10:16 GMT+0200 (CEST); Thu Aug 28 2014 17:10:19 GMT+0200 (CEST); Thu Aug 28 2014 17:10:22 GMT+0200 (CEST); Thu Aug 28 2014 17:10:25 GMT+0200 (CEST); Thu Aug 28 2014 17:10:28 GMT+0200 (CEST); Thu Aug 28 2014 17:10:31 GMT+0200 (CEST); Thu Aug 28 2014 17:10:34 GMT+0200 (CEST); Thu Aug 28 2014 17:10:38 GMT+0200 (CEST); Thu Aug 28 2014 17:10:40 GMT+0200 (CEST); Thu Aug 28 2014 17:10:43 GMT+0200 (CEST); Thu Aug 28 2014 17:10:47 GMT+0200 (CEST); Thu Aug 28 2014 17:10:49 GMT+0200 (CEST); Thu Aug 28 2014 17:10:52 GMT+0200 (CEST); Thu Aug 28 2014 17:10:55 GMT+0200 (CEST); Thu Aug 28 2014 17:10:58 GMT+0200 (CEST); Thu Aug 28 2014 17:11:01 GMT+0200 (CEST); Thu Aug 28 2014 17:11:04 GMT+0200 (CEST); Thu Aug 28 2014 17:11:07 GMT+0200 (CEST); Thu Aug 28 2014 17:11:10 GMT+0200 (CEST); Thu Aug 28 2014 17:11:13 GMT+0200 (CEST); Thu Aug 28 2014 17:11:16 GMT+0200 (CEST); Thu Aug 28 2014 17:11:20 GMT+0200 (CEST); Thu Aug 28 2014 17:11:22 GMT+0200 (CEST); Thu Aug 28 2014 17:11:25 GMT+0200 (CEST); Thu Aug 28 2014 17:11:28 GMT+0200 (CEST); Thu Aug 28 2014 17:11:31 GMT+0200 (CEST); Thu Aug 28 2014 17:11:34 GMT+0200 (CEST); Thu Aug 28 2014 17:11:37 GMT+0200 (CEST); Thu Aug 28 2014 17:11:40 GMT+0200 (CEST); Thu Aug 28 2014 17:11:43 GMT+0200 (CEST); Thu Aug 28 2014 17:11:46 GMT+0200 (CEST); Thu Aug 28 2014 17:11:49 GMT+0200 (CEST); Thu Aug 28 2014 17:11:52 GMT+0200 (CEST); Thu Aug 28 2014 17:11:55 GMT+0200 (CEST); Thu Aug 28 2014 17:11:58 GMT+0200 (CEST); Thu Aug 28 2014 17:12:01 GMT+0200 (CEST); Thu Aug 28 2014 17:12:04 GMT+0200 (CEST); Thu Aug 28 2014 17:12:07 GMT+0200 (CEST); Thu Aug 28 2014 17:12:10 GMT+0200 (CEST); Thu Aug 28 2014 17:12:13 GMT+0200 (CEST); Thu Aug 28 2014 17:12:16 GMT+0200 (CEST); 
;;;;;;;;;;;;;;;;;;;;;;;;;;;;;;;;;;;;;;;;;;;;;;;;;;;;;;;;;;;;;;;;;;;;;;;;;;;;;;;;;;;;;;;;;;;;;;;;;;;;;;;;;;;;;;;;;;;;;;;;;;;;;;;;;;;;;;;;;;;;;;;;;;;;;;;;;;;;;;;;;;;;;;;;;;;;;;;;;;;;;;;;;;;;;;;;;;;;;;;;;;;;;;;;;;;;;;;;;;;;;;;;;;;;;;;;;;;;;;;;;;;;;;;;;;;;;;;;;;;;;;;;;;;;;;;;;;;;;;;;;;;;;;;;;;;;;;;;;;;;;;;;;;;;;;;;;;;;;;;;;;;;;
Maximal;2564;;;;;;;;;;;;;;;;;;;;;;;;;;;;;;;;;;;;;;;;;;;;;;;;;;;;;;;;;;;;;;;;;;;;;;;;;;;;;;;;;;;;;;;;;;;;;;;;;;;;;;;;;;;;;;;;;;;;;;;;;;;;;;;;;;;;;;;;;;;;;;;;;;;;;;;;;;;;;;;;;;;;;;;;;;;;;;;;;;;;;;;;;;;;;;;;;;;;;;;;;;;;;;;;;;;;;;;;;;;;;;;;;;;;;;;;;;;;;;;;;;;;;;;;;;;;;;;;;;;;;;;;;;;;;;;;;;;;;;;;;;;;;;;;;;;;;;;;;;;;;;;;;;;;;;;;;;;;;;;;;;;;
Minimal;635;;;;;;;;;;;;;;;;;;;;;;;;;;;;;;;;;;;;;;;;;;;;;;;;;;;;;;;;;;;;;;;;;;;;;;;;;;;;;;;;;;;;;;;;;;;;;;;;;;;;;;;;;;;;;;;;;;;;;;;;;;;;;;;;;;;;;;;;;;;;;;;;;;;;;;;;;;;;;;;;;;;;;;;;;;;;;;;;;;;;;;;;;;;;;;;;;;;;;;;;;;;;;;;;;;;;;;;;;;;;;;;;;;;;;;;;;;;;;;;;;;;;;;;;;;;;;;;;;;;;;;;;;;;;;;;;;;;;;;;;;;;;;;;;;;;;;;;;;;;;;;;;;;;;;;;;;;;;;;;;;;;;
Durchschnitt;1219;;;;;;;;;;;;;;;;;;;;;;;;;;;;;;;;;;;;;;;;;;;;;;;;;;;;;;;;;;;;;;;;;;;;;;;;;;;;;;;;;;;;;;;;;;;;;;;;;;;;;;;;;;;;;;;;;;;;;;;;;;;;;;;;;;;;;;;;;;;;;;;;;;;;;;;;;;;;;;;;;;;;;;;;;;;;;;;;;;;;;;;;;;;;;;;;;;;;;;;;;;;;;;;;;;;;;;;;;;;;;;;;;;;;;;;;;;;;;;;;;;;;;;;;;;;;;;;;;;;;;;;;;;;;;;;;;;;;;;;;;;;;;;;;;;;;;;;;;;;;;;;;;;;;;;;;;;;;;;;;;;;;
